id,JS1,OC1,OC2,EP1,OC3,OC4,EP2,EP3,AC1,EP4,JS2,JS3,AC2,SI1,JS4,SI2,JS5,AC3,SI3,AC4,SI4,C1,C2,C3,AGE,EXP,JP,JS,OC,SI,EP,AC
1,5,3,5,10,10,10,10,5,1,2,4,3,2,4,3,4,23.307571343062,1,3,1,3,1,0,1,42.0391353423314,6,5,-.224992189295964,-.363894117298536,-.36967620274738, ,-1.29457057453741
2,3,0,5,10,3,7,10,10,2,7,4,3,1,5,2,4,42.6173631667087,1,4,1,4,1,1,1,32.1868622943639,5.75,4,-.554784989088721,-1.66088850044242,.388157736110818,.867895561277648,-1.2568484211994
3,4,6,10,10,10,10,10,10,1,7,2,2,4,5,3,5,60.477096297253,1,5,2,5,1,1,1,42.7737424263681,1,5,-.515936585979894,.780682267704987,1.28128823279666,.867895561277648,-.827400488473158
4,4,7,7,10,10,7,10,9,2,7,5,4,1,5,2,4,33.4183672703237,1,3,1,4,1,0,1,26.2259837204959,3,5,-.131013319721593,-.329977095044111,.222362752217169,.659376649933249,-1.2568484211994
5,5,2,10,10,9,9,9,10,1,6,4,3,1,5,2,5,57.5385532772748,2,3,2,4,1,1,1,36.9213117345444,14,5,.00116686534981147,.321447646956065,.641471998045072,.435375514997557,-1.08630828159054
6,6,5,8,8,7,7,10,7,1,7,6,5,2,5,3,4,61.9430845275605,1,3,1,3,1,0,1,35.183731638322,8,4,1.09108228284705,-.480618563119118,-.0858635147471176,.0488311449528541,-1.29457057453741
7,2,6,10,9,10,9,9,9,2,6,3,6,4,5,4,5,10.9807512664858,3,5,3,4,1,1,1,44.2664736272938,12.5,5,-.520300753028178,.595447318893495,.973061965832369,.130102762507359,-.0624439144997599
8,2,4,9,10,9,7,10,10,1,7,2,1,1,3,1,4,21.083306472331,1,4,3,2,1,1,1,49.6425373237572,.2,5,-1.84297143731231,-.155559878314953,-.79592017381828,.867895561277648,-1.13811032321479
9,4,9,10,8,10,10,6,8,3,3,5,1,4,3,1,3,79.6905487962596,3,2,1,2,1,0,1,27.4537058677799,.34,4,-.208582757611435,.9218872477273,-1.54661938743348,-1.47273012882311,-.181182012484369
10,5,5,9,10,9,10,10,8,2,7,3,2,4,4,2,4,32.9595448257771,1,3,4,3,1,0,1,47.0738010827019,5.27495006463332,5,-.621957897736959,.447213294793627,-.36967620274738,.45085773858885,-.322066115490164
11,4,9,10,10,10,10,10,9,4,7,7,5,4,5,3,5,79.0933003923217,4,5,5,5,1,0,1,47.4038128985411,.5,5,1.09727724503552,.9218872477273,1.28128823279666,.659376649933249,.844008755348578
12,5,4,10,10,10,10,10,9,4,7,4,4,5,4,4,4,70.9149364290765,2,4,3,4,1,1,1,33.2036647369995,6.78641036171658,5,.643813245467529,.686545614356779,.104345048110556,.659376649933249,.27190818529365
13,2,1,5,8,3,6,9,8,1,5,4,3,2,5,1,5,49.5681913293905,2,4,3,5,1,0,1,49.312974354717,10,5,-.836009520854962,-1.79905512257981,1.11549324890301,-.424929451609355,-.77471417968746
14,4,0,0,8,9,8,8,8,1,5,4,3,1,3,3,3,70.4157132365642,1,2,1,3,1,1,1,39.7904943164112,5,5,.128654735827252,-1.96466676516606,-1.23839312046919,-.60769003626293,-1.45014655869859
15,4,7,9,9,9,9,9,9,2,6,4,4,5,4,2,5,41.7672755461793,2,3,4,3,1,0,1,47.4629002788988,7.84090881680689,5,-.225302611922602,.356114999330344,.0494330430805225,.130102762507359,.0413300280371661
16,4,4,10,8,10,10,10,10,4,7,4,5,2,5,4,5,65.9892331156941,4,3,3,3,1,1,1,40.5451412800197,5.85164474563689,4,.542879249352355,.686545614356779,.333245731080785,.674387878986051,.220820551542421
17,3,4,9,9,9,8,10,10,3,6,4,2,3,5,2,5,53.1439332955679,5,3,4,4,1,1,1,45.7957440978671,12.9861655701157,5,-.580642959121573,.0296750704965389,.641471998045072,.521382258505333,.54693667531246
18,5,7,10,10,10,10,10,10,2,7,6,3,3,5,3,5,91.6819875545464,3,5,1,5,1,0,1,33.1858443168414,10.9275163359048,5,.948281466268578,.827750594379091,1.28128823279666,.867895561277648,-.530056134144739
19,3,7,10,10,10,10,10,9,1,7,2,4,2,5,1,5,54.9217144365167,1,5,2,5,1,0,1,51.5165298487701,11.4654188035084,3,-.816574183955619,.827750594379091,1.28128823279666,.659376649933249,-1.13855245679551
20,5,6,10,10,10,10,10,9,1,7,4,3,2,4,3,4,57.8327911076728,2,3,3,2,1,1,1,47.1137653251851,11.5661689204585,5,.174630726769348,.780682267704987,-.677902469711667,.659376649933249,-.77471417968746
21,2,5,3,10,7,4,10,10,1,7,4,2,1,5,2,4,44.5668614329284,3,3,1,3,1,0,1,37.2378378063937,5,3,-.871541895101305,-2.03969481453481,-.0858635147471176,.867895561277648,-1.03450623996629
22,6,6,10,10,10,10,10,10,3,7,4,5,5,5,4,5,94.4511030794387,4,5,6,5,1,1,1,57.8868075147163,9.19045627813862,5,1.25556192274951,.780682267704987,1.28128823279666,.867895561277648,.962304719752465
23,3,5,10,10,10,10,10,10,3,7,4,1,2,5,1,5,26.9318193069715,2,3,3,4,1,0,1,41.087014906537,7.56880813569868,4,-1.20180239215668,.733613941030883,.641471998045072,.867895561277648,-.388117904689076
24,4,3,8,8,6,5,9,9,3,4,4,3,1,3,1,4,59.3146552041284,1,4,1,3,1,0,1,42.7830724705901,8.93127783105565,5,-.339954147953704,-1.03095147933132,-.487693906853993,-.466170001891472,-1.06355028370021
25,7,7,10,0,10,10,4,8,2,7,5,4,3,3,4,3,56.1734126602375,3,3,2,2,1,0,1,37.0562041421584,.5,3,1.04735110663022,.827750594379091,-1.38082440353983,-1.61324418079058,-.374038016402838
26,4,7,8,10,10,10,10,9,2,7,6,3,1,4,3,4,66.2594429976862,1,4,1,3,1,0,1,36.4270399035232,7.70814883729983,4,.462399356641871,.426402032386607,-.203881218853731,.659376649933249,-1.2568484211994
27,4,3,8,7,10,4,4,10,2,7,5,4,2,4,3,3,71.7291417629464,1,3,1,2,1,0,1,37.9474536628099,9.04400199060226,5,.482484793275237,-.873280967178763,-1.09701171553957,-.518929470081194,-1.10127243703822
28,4,2,7,0,7,7,7,10,2,2,4,3,3,3,2,3,41.4066829413184,1,3,1,2,1,1,1,41.1677282261343,.3,3,-.377177440037454,-.822497824137673,-1.38082440353983,-1.89672191227364,-.945696452877044
29,6,4,8,7,8,7,9,8,1,5,6,3,2,4,2,4,39.5794158279802,2,3,1,4,1,1,1,40.9010068472605,11.3580568893483,3,.366766842560463,-.441960524552209,-.0614499357830928,-.521683292755153,-1.08675041517126
30,4,9,10,10,7,7,10,10,1,7,6,4,2,3,4,3,80.0923855752713,1,2,2,2,1,0,1,42.6807944383554,10.9267164856091,5,.940272212170191,.109003305569783,-1.54661938743348,.867895561277648,-1.13855245679551
31,3,2,7,7,8,4,7,7,2,4,1,2,1,4,2,3,13.1073368919593,1,3,1,2,1,1,1,39.5881964678423,7.63345116899244,3,-1.61683802074885,-1.29247630533114,-1.09701171553957,-1.34548283503322,-1.2568484211994
32,4,9,9,5,9,9,9,7,1,4,5,5,2,3,5,3,70.0205657962984,1,3,2,3,1,0,1,51.7144505290099,.5,5,.950525612798665,.450251652678552,-1.07259813657554,-1.17346934801767,-1.13855245679551
33,4,5,10,10,9,9,10,9,3,7,4,3,2,4,1,5,71.9562061776792,3,5,2,4,1,0,1,43.5756936295789,11.1926967198637,5,-.193630576428841,.462652626978378,.689249277832107,.659376649933249,-.336315863064824
34,5,4,8,8,8,8,8,8,1,3,4,2,2,3,1,4,40.4956307316036,2,3,2,3,1,1,1,50.7074931074953,9.3718948895042,5,-.513860903720078,-.256725575740717,-.653488890747642,-1.10720895951596,-.930732297429361
35,5,0,3,8,8,3,10,8,1,5,5,5,2,2,1,3,71.5296005536033,2,2,2,2,1,1,1,48.3531128011663,7.79101100780533,5,.479380894719801,-2.37454503147581,-1.83043207543374,-.24216886695578,-.930732297429361
36,5,6,10,7,10,10,9,9,2,6,6,5,3,5,2,5,64.7810681896525,2,5,4,4,1,1,1,52.8813115651571,2,5,.762252350627034,.780682267704987,.973061965832369,-.0634049197842372,-.26982194028519
37,2,5,8,8,8,8,8,8,2,5,4,4,2,5,3,4,71.2250430421555,1,3,2,3,1,0,1,41.6875164469179,11.5088071533904,5,-.0975182767427467,-.209657249066612,-.0858635147471176,-.60769003626293,-.945254319296321
38,4,4,9,9,8,10,9,9,3,5,6,4,2,4,4,3,80.3269327302284,3,3,3,3,1,1,1,47.204511516989,7.08526912274852,4,.942987051312645,.31441860287851,-.788785448575282,-.119656699119157,-.180297745322923
39,3,7,10,10,8,8,10,10,3,7,2,2,5,4,1,4,29.3415367083967,4,3,2,3,1,0,1,32.2147087050146,9.72586333117576,5,-1.40806199647741,.28582796627408,-.36967620274738,.867895561277648,.338232248784862
40,3,3,10,9,10,10,10,10,1,7,5,3,1,5,1,5,34.2960795317179,1,4,3,4,1,0,1,52.6533448107146,8.79375707144371,5,-.630234060824105,.639477287682674,.80726698193872,.77114172013185,-1.13811032321479
41,5,2,8,10,8,8,10,10,3,7,4,4,2,3,3,4,49.2013125033063,3,3,2,3,1,1,1,38.9617430777252,6.7409202102946,5,.222424024264031,-.350862229088925,-.653488890747642,.867895561277648,-.336315863064824
42,4,6,10,9,10,9,10,10,1,7,4,3,3,3,2,5,71.320370245558,3,3,6,4,1,1,1,61.1612790537587,19.7100101593073,5,-.0309321436341714,.595447318893495,.0738466220445474,.77114172013185,.0567363170655723
43,4,2,5,0,8,5,1,5,1,1,4,3,2,1,3,2,54.816476818376,1,1,2,1,1,1,1,51.0880524198779,7.74775205480772,3,-.0519034876490951,-1.50858991851213,-3.00737526011984,-4.2856394385436,-1.13855245679551
44,4,8,10,10,10,10,10,10,1,7,4,4,2,4,3,4,62.8765901392943,1,3,1,4,1,1,1,36.102506157585,4.95244822173543,3,.18909184257506,.874818921053196,-.0614499357830928,.867895561277648,-1.29457057453741
45,6,9,9,9,9,9,9,9,3,6,6,6,2,4,5,3,76.224765220517,2,4,3,4,1,0,1,41.4355333012424,2.64115251322506,5,1.74420731149386,.450251652678552,-.314764197717346,.130102762507359,-.388117904689076
46,4,2,8,8,8,8,3,8,2,5,6,4,3,4,5,4,79.0143661380635,2,3,1,3,1,1,1,44.1414027408438,8.36063287740303,2,1.09785245417727,-.350862229088925,-.36967620274738,-1.5214929595308,-.737876293510892
47,3,0,2,7,8,2,6,8,1,5,3,1,1,2,1,4,36.346809400962,1,3,1,3,1,1,1,47.6258141046104,7.36351250226801,3,-1.28375198810573,-2.76045426128354,-.937301578747904,-1.06996504671588,-1.45014655869859
48,6,0,10,9,7,7,10,10,3,7,6,6,4,5,4,5,40.8242614181285,1,5,1,4,1,1,1,38.0317095186521,12.4817488800509,5,1.16439503359671,-.314611634497155,.973061965832369,.77114172013185,-.596822331216674
49,5,1,6,9,9,5,9,9,3,6,6,5,1,4,3,4,66.0462841056702,1,4,1,4,1,0,1,33.2289246402901,10.0166377035045,3,.946955100507132,-1.26925759894898,.104345048110556,.130102762507359,-1.06355028370021
50,6,6,10,10,9,10,8,10,5,5,4,4,5,5,2,5,40.9804916904232,4,5,3,5,1,1,1,36.8298709371343,4.84506830189546,2,.148832402400287,.694955902463974,1.28128823279666,.00285546871746536,.880846641525147
51,5,6,10,7,10,10,10,10,2,7,3,3,3,4,4,5,73.4640865401858,1,3,3,4,1,1,1,49.0336479503593,12.3332689953925,5,.334691808244696,.780682267704987,.35765931004481,.577634037840253,-.633660217393243
52,3,2,10,10,10,10,10,10,2,6,1,2,1,5,1,5,43.7835599950457,1,3,4,4,1,1,1,53.333166853478,10.3227742326494,5,-1.43182463004638,.59240896100857,.641471998045072,.618136099651131,-.788794067973698
53,7,0,4,10,10,3,10,10,1,7,5,2,1,5,5,4,96.4293739757129,1,3,2,4,1,1,1,47.6992575688443,11.7196525739523,2,1.38796231747211,-2.00241801999754,.222362752217169,.867895561277648,-1.29412844095669
54,3,6,7,5,7,7,5,5,1,1,3,2,1,2,1,2,31.4729327453471,1,1,1,2,1,1,1,45.4849848918785,10.5210088999335,2,-1.19246515578605,-.634224517441256,-2.41533630515529,-3.07082789420031,-1.45014655869859
55,3,1,10,10,8,10,7,10,1,7,5,3,1,4,3,4,64.7537904497531,1,3,1,3,1,0,1,34.2734585048362,.139133192038638,5,.062424434346616,.373887903852439,-.36967620274738,.319613807316924,-1.45014655869859
56,5,6,6,3,10,10,10,10,2,7,3,3,3,1,3,1,66.5765228432093,3,2,3,1,1,1,1,42.7069884625138,8.37526857442701,5,.0849114417504629,-.0220148562799814,-3.2606895220541,.19061867325706,-.218019898660938
57,5,7,8,6,8,8,7,7,4,4,4,5,6,4,2,4,55.5666307625822,5,3,6,3,1,0,1,53.4234254875728,13.2641633928485,5,.273744306907282,-.115520595718404,-.36967620274738,-1.44223667617902,1.51899900077899
58,4,9,10,10,8,8,10,10,1,7,5,4,2,5,2,5,51.1092762291119,1,3,2,4,1,0,1,40.3463864963821,13.2043464285573,3,.0737556194526484,.379964619622289,.641471998045072,.867895561277648,-1.13855245679551
59,5,4,10,10,10,10,10,10,2,7,7,5,2,4,5,5,64.851180498877,3,5,3,4,1,1,1,47.0752025260423,13.0443458844139,5,1.46416456226006,.686545614356779,.689249277832107,.867895561277648,-.373595882822115
60,2,10,10,10,10,10,10,10,3,7,3,1,2,4,1,5,46.935926816126,3,5,5,4,1,1,1,50.2284843498446,17.9034260096119,5,-1.35280589308275,.968955574401404,.689249277832107,.867895561277648,.131738490160878
61,4,6,10,10,10,10,10,10,3,7,5,3,1,5,3,5,59.3400235007727,3,1,3,4,1,1,1,41.2772790119026,14.869947880168,5,.191382046209701,.780682267704987,.309882030257774,.867895561277648,-.335873729484101
62,3,8,10,8,9,9,9,9,1,6,5,4,2,4,4,4,66.5380336325823,1,5,2,4,1,1,1,52.3026325079513,11.8011086575891,5,.400835863713005,.60385760700069,.270140032004205,.033348921361561,-1.13855245679551
63,4,3,10,7,8,8,7,9,2,5,4,3,2,5,1,5,47.8633821088902,2,5,1,5,1,0,1,39.3989643715209,7.1914598614597,2,-.47250047722197,.0975546595776634,1.28128823279666,-.678685550717903,-.893452277672069
64,6,8,10,10,10,10,10,10,3,7,4,5,3,5,3,5,42.4202231130126,3,5,4,5,1,1,1,49.4462509551436,11.4635076275024,4,.483256173029542,.874818921053196,1.28128823279666,.867895561277648,.131296356580155
65,4,5,10,10,10,10,10,10,1,7,4,4,2,4,3,5,54.9530226401149,1,3,2,3,1,0,1,44.6292667319236,2.85935247628684,3,.0973780411495847,.733613941030883,.0494330430805225,.867895561277648,-1.13855245679551
66,3,4,7,7,10,7,10,7,1,4,4,1,3,4,1,5,28.7621890415912,1,3,1,4,1,1,1,44.3899012199491,13.7785062845818,5,-1.18061620722249,-.471182075066424,.35765931004481,-.797201081072494,-1.13899459037624
67,5,1,5,8,8,8,10,10,2,7,5,3,2,4,4,4,99.2471089705413,3,3,2,3,1,1,1,36.7277214790227,5.62737207045001,5,1.01497810273972,-.999953398751756,-.36967620274738,.674387878986051,-.529614000564016
68,5,9,10,2,10,6,8,8,4,5,4,5,4,5,4,5,81.285778609676,3,3,4,4,1,0,1,44.387065168565,8.9690806364772,5,.911554827024415,.180947452481332,.641471998045072,-1.18821308313772,.480170478240525
69,5,4,10,10,10,10,8,8,2,4,5,4,3,4,1,4,40.3891447459724,3,5,1,4,1,1,1,39.5493025062903,9.93709613942907,2,-.0287650526824801,.686545614356779,.270140032004205,-.66394181559785,-.530056134144739
70,2,9,10,10,10,10,10,10,2,7,3,2,3,5,3,5,33.3631259047075,2,5,2,5,1,0,1,42.8836728490953,8.18534154997228,5,-1.02209124270782,.9218872477273,1.28128823279666,.867895561277648,-.581858175768991
71,5,2,10,9,10,10,10,10,3,6,4,2,4,4,4,4,54.487795657376,4,5,3,4,1,1,1,34.5624538313863,5.033224037617,5,.158270111772297,.59240896100857,.270140032004205,.521382258505333,.338674382365585
72,3,7,8,9,10,9,10,9,2,5,6,3,1,5,4,5,42.0589032887857,1,4,1,4,1,0,1,36.2893656221957,5.10558842055609,5,.160719836921153,.241167083575115,.80726698193872,.0631038855344171,-1.2568484211994
73,5,1,8,9,3,9,9,9,1,6,5,6,1,4,3,5,56.3931947461498,1,5,2,4,1,1,1,50.5448019204036,.5,3,.791997112922896,-.641327433156604,.689249277832107,.130102762507359,-1.29412844095669
74,5,5,9,8,9,9,8,8,2,5,4,5,4,5,3,5,57.6707706372366,3,3,6,4,1,0,1,61.7786645083578,15.0646398365596,5,.468157443600069,.261978345982135,.641471998045072,-.60769003626293,.405610438725942
75,5,7,10,9,10,10,10,10,2,6,5,2,6,4,3,5,67.8115967113486,3,3,2,4,1,0,1,32.7875145914405,8.02169813702706,3,.333358818532114,.827750594379091,.35765931004481,.521382258505333,.0926899360806951
76,2,4,8,9,9,9,9,9,1,6,4,1,1,4,1,4,29.9569486872574,2,3,2,3,1,1,1,43.5150065010094,12.4362933691767,4,-1.35840803398548,.0142357383117889,-.36967620274738,.130102762507359,-1.08630828159054
77,3,5,9,8,9,8,10,9,1,5,3,1,2,1,3,4,33.2555895551999,2,3,1,4,1,0,1,38.5137634918832,8.4056330794647,5,-.979416047696686,.0767433971706432,-.912887999783879,-.0336499556113811,-1.08675041517126
78,3,3,0,10,10,0,10,10,1,7,4,4,1,4,3,4,37.6025570740729,1,3,1,2,1,0,1,46.8931980695639,7.61094326671169,4,-.295071274507572,-3.21961501039467,-.677902469711667,.867895561277648,-1.45014655869859
79,4,0,0,10,8,0,10,10,1,7,5,3,2,1,2,1,26.8499486017222,2,1,2,1,1,1,1,41.6630370346614,3.57678395090121,3,-.354742565300896,-3.53227272089901,-3.42648450594774,.867895561277648,-.930732297429361
80,2,5,10,10,10,8,10,10,1,7,4,3,3,5,2,5,20.2453908865851,1,5,2,4,1,0,1,38.8094747268418,10.5723469366349,5,-1.00535729917732,.363144043407899,.973061965832369,.867895561277648,-.982976472634336
81,6,7,9,7,9,9,7,7,2,5,3,4,1,4,4,3,79.5119040449562,1,2,4,3,1,0,1,56.9244316960499,3.12173660556285,5,.744016138038723,.356114999330344,-.954580432468931,-1.0957233734067,-.788794067973698
82,5,1,8,8,7,7,8,8,3,5,6,4,3,4,4,4,85.0316932593332,4,3,4,4,1,0,1,47.1460911895087,3.1021764557805,5,1.18906471294364,-.668891869815535,-.0614499357830928,-.60769003626293,.339116515946308
83,4,4,8,9,4,8,10,10,1,7,2,3,1,4,1,4,28.6069607324747,2,3,1,3,1,1,1,35.2378901158493,6.07000367714555,5,-1.07724259378119,-.59963103670477,-.36967620274738,.77114172013185,-1.24232639933244
84,3,9,9,10,9,9,10,10,1,7,3,2,1,5,2,4,52.8242098887277,1,4,3,3,1,0,1,45.4292496744046,5.95911936549391,5,-.775270030341904,.450251652678552,.0799314691465311,.867895561277648,-1.13811032321479
85,5,1,8,5,8,8,9,9,4,4,4,1,2,4,1,4,46.3639259500577,2,3,4,3,1,1,1,49.0345480864878,8.67532228961925,5,-.593637528470317,-.397930555763029,-.36967620274738,-.756431525328867,-.0388016494479833
86,4,7,9,7,9,9,7,7,3,4,3,3,6,4,4,4,58.1426125912306,5,3,3,3,1,0,1,31.4438712381114,3.06422939500128,4,-.0342723115984882,.356114999330344,-.36967620274738,-1.34548283503322,.857646510054093
87,6,2,7,7,6,7,10,10,1,7,4,2,1,5,1,4,58.9306599885229,1,3,1,4,1,1,1,48.07133600361,8.1756981899559,4,-.108857967614973,-.908224189378686,.222362752217169,.577634037840253,-1.45014655869859
88,6,6,10,10,10,10,10,10,1,7,6,2,2,5,2,5,67.4686098147075,2,3,2,3,1,1,1,41.3750438110298,9.64913641945873,4,.541877973490106,.780682267704987,.333245731080785,.867895561277648,-.930732297429361
89,4,6,10,7,10,10,9,9,3,5,3,2,1,5,2,5,28.272684245102,2,4,3,4,1,1,1,50.5621892994388,9.86906586806813,5,-.867828370836281,.780682267704987,.80726698193872,-.313164381410754,-.543693888850254
90,4,6,9,9,9,10,9,9,1,6,5,3,1,4,3,5,25.3096975491699,1,4,1,4,1,1,1,43.9199682894686,3.85153815553784,5,-.202512567181643,.494281621467732,.523454293938458,.130102762507359,-1.45014655869859
91,7,6,10,10,9,10,10,10,2,7,7,4,4,4,5,4,74.2745553626385,4,3,3,4,1,1,1,43.3926325010627,5.2853788098939,4,1.80877920408201,.694955902463974,-.0614499357830928,.867895561277648,.145376244866393
92,4,6,10,10,10,10,10,10,3,7,5,2,5,5,1,5,31.8312681636041,4,3,4,4,1,1,1,46.3086898584015,8.31078042411511,5,-.614843880168445,.780682267704987,.641471998045072,.867895561277648,.650268484268663
93,4,4,8,2,7,7,5,5,2,2,1,1,3,4,4,3,32.3939345430307,4,3,4,3,1,1,1,49.8227080598311,15.9603586714842,5,-1.00956314959871,-.527686889793222,-.788785448575282,-3.11132995601119,.145818378447116
94,2,1,2,8,9,9,5,5,1,4,3,1,2,2,1,2,7.58137955955339,1,2,1,2,1,0,1,45.7288084214042,11.6074847174012,2,-1.80832736527979,-1.33101492768798,-2.24954132126164,-2.03128798588337,-1.29457057453741
95,4,3,6,7,7,7,6,6,1,4,4,2,1,5,2,4,33.6924759750716,2,3,1,3,1,0,1,29.2386388688962,8.88713742127633,5,-.614168969356595,-.976103778459811,-.0858635147471176,-1.73676233103119,-1.24232639933244
96,4,7,9,8,9,7,8,9,4,6,6,5,4,4,5,4,57.1554180433421,3,3,2,3,1,0,1,29.8197432834855,5.44508286880961,5,.992540283670885,-.0143548982926404,-.36967620274738,-.149411663292014,.168134242756724
97,5,8,10,10,10,10,10,10,1,7,6,6,2,5,2,4,62.4050253656323,2,3,2,4,1,1,1,42.8725248455888,10.0977951446091,5,.882451139088748,.874818921053196,.222362752217169,.867895561277648,-.930732297429361
98,4,6,7,9,10,8,10,10,1,5,5,3,1,4,2,5,64.9910206112597,1,3,1,3,1,1,1,32.176352071612,8.42905311128038,5,.0867331594657251,-.191810472906724,.0494330430805225,.271622796878816,-1.45014655869859
99,4,4,2,9,8,5,9,9,2,7,6,3,3,4,4,4,40.4236975192205,1,4,2,3,1,1,1,45.9861311711955,1.67499047452656,4,.333413582756566,-2.01647610815265,-.203881218853731,.379862224133876,-.789678335135144
100,3,9,10,10,10,10,10,10,2,7,4,1,2,4,2,4,42.181016486881,3,5,5,4,1,0,1,58.3793164187939,11.1691400219101,5,-.855237692983288,.9218872477273,.270140032004205,.867895561277648,-.0615596473383141
101,4,7,10,10,10,10,10,10,2,7,4,2,3,4,1,4,22.7410745128421,2,4,3,4,1,0,0,44.521400814739,10.9139040298697,4,-.910987492573335,.827750594379091,.104345048110556,.867895561277648,-.42584005802709
102,3,7,8,8,8,8,8,8,1,5,4,3,2,3,1,2,14.3301643601383,1,1,3,1,1,0,0,45.8346572075973,9.72431528258862,3,-1.05226210142656,-.115520595718404,-2.43974988411932,-.60769003626293,-.982534339053613
103,2,1,4,7,4,4,4,7,2,1,4,2,1,2,2,2,29.8798527553603,3,2,2,1,1,0,0,37.3539587817785,11.4771758677822,5,-1.04154125429503,-2.28447293595802,-2.55776758822593,-2.64304297387349,-.685189984725194
104,6,3,6,10,8,8,10,10,1,7,6,2,1,5,3,4,68.0773370930596,1,3,1,4,1,0,0,37.5422421699488,4.09043501282798,5,.718981991036672,-.705142464407305,.222362752217169,.867895561277648,-1.45014655869859
105,4,2,8,8,8,8,8,8,2,5,2,2,1,4,1,4,41.0880371422808,2,3,1,3,1,1,0,38.6252712003159,5.73031460926721,5,-1.08047752173682,-.350862229088925,-.36967620274738,-.60769003626293,-1.04902826183325
106,3,4,9,9,9,8,9,9,1,5,4,2,1,3,3,4,57.3400672727413,2,3,1,3,1,1,0,36.5265785118619,8.30096691768909,5,-.362015384712244,.0296750704965389,-.653488890747642,-.119656699119157,-1.24232639933244
107,5,9,9,6,9,9,7,7,4,3,5,2,4,3,1,3,40.758049732707,4,2,4,3,1,0,0,48.5830098698732,7.41961686396206,5,-.319897120203057,.450251652678552,-1.23839312046919,-1.69199613780553,.687990637606678
108,3,10,9,5,9,9,7,7,1,5,5,3,3,4,2,4,37.5286984940267,1,2,2,3,1,0,0,42.4835316833674,5.40736413450583,5,-.422758991236992,.497319979352657,-.535471186641029,-1.2892310556983,-.982976472634336
109,4,6,8,7,8,8,7,7,2,4,3,3,1,4,2,4,37.3088603793801,1,2,1,3,1,1,0,41.2468657780313,7.71544205254163,2,-.615535297385663,-.162588922392508,-.535471186641029,-1.34548283503322,-1.2568484211994
110,6,5,9,9,9,9,9,9,3,6,5,4,1,4,5,4,85.218549363047,2,4,1,4,1,0,0,43.5214622131351,14.670279822173,3,1.36198026272938,.261978345982135,.104345048110556,.130102762507359,-.855730124334055
111,5,7,10,10,10,10,10,10,1,7,2,4,2,4,2,5,70.5008026630024,1,3,2,4,1,0,0,48.8881125761125,9.97448753387153,5,-.0829491687868405,.827750594379091,.35765931004481,.867895561277648,-1.13855245679551
112,5,6,10,10,10,10,10,10,1,7,3,1,1,5,1,5,53.9188428920001,1,5,1,3,1,1,0,36.3010728764086,7.45790017512555,4,-.697117120815751,.780682267704987,.664835698868082,.867895561277648,-1.45014655869859
113,6,7,9,7,7,9,9,9,3,6,6,5,3,4,2,4,64.9511644448305,2,2,4,3,1,0,0,52.360318745916,9.39098724105743,5,.955842127376231,.184662268848317,-.535471186641029,-.0634049197842372,-.0765238027859975
114,4,2,9,8,9,8,9,8,1,5,5,4,1,4,3,4,64.8683349233542,1,2,1,2,1,1,0,38.1683794935162,5.5774978914164,5,.403072246317056,-.0644615828516697,-.843697453605316,-.424929451609355,-1.45014655869859
115,4,2,6,6,7,8,7,7,2,4,4,4,1,4,2,4,64.8183684992848,1,3,2,3,1,1,0,49.1238589916305,15.2621279692797,3,.0415094474130742,-.837937156322423,-.36967620274738,-1.44223667617902,-1.1008303034575
116,2,3,8,8,8,8,8,8,1,5,4,1,2,3,2,3,33.9347102012664,1,2,1,3,1,0,0,38.8320457554234,5.41660439055241,5,-1.14230807970755,-.303793902414821,-1.23839312046919,-.60769003626293,-1.29457057453741
117,6,6,10,10,10,10,10,10,2,7,5,6,5,4,4,4,65.8126914234458,3,3,4,3,1,1,0,44.8745012899698,8.36808313644944,5,1.26270507141577,.780682267704987,-.36967620274738,.867895561277648,.249150187403319
118,2,4,8,7,7,7,7,7,2,6,2,2,4,3,2,3,24.3365941739053,1,2,2,2,1,1,0,43.8580908091473,7.63064715745227,5,-1.48755609433108,-.527686889793222,-1.54661938743348,-.845963911780185,-.634102350973966
119,4,5,9,7,8,10,0,8,1,3,4,4,1,5,3,5,79.9372718700963,1,5,2,3,1,0,0,51.926856076373,8.65166426648726,5,.386566020286558,.361486929552614,.664835698868082,-2.66604747789036,-1.29412844095669
120,2,0,4,7,7,2,7,7,1,1,3,2,1,1,2,1,60.7038005004225,1,1,1,1,1,1,0,34.8239029682509,10.6260074232979,5,-.875686197738737,-2.44483206453207,-3.42648450594774,-2.09476121991277,-1.45014655869859
121,4,3,8,9,8,8,10,9,3,6,4,3,2,5,5,5,91.7387291440737,3,4,3,4,1,0,0,36.6043074023873,4.69067395551989,3,.715580856740494,-.303793902414821,.80726698193872,.312863347160934,-.180297745322923
122,3,4,9,9,9,9,9,9,3,6,3,3,4,4,2,4,43.1003802583229,2,4,4,4,1,1,0,47.9164350506001,7.66311358044161,5,-.740120490232939,.214910019308031,.104345048110556,.130102762507359,.0790521813751803
123,5,7,8,8,8,10,10,8,2,7,5,4,2,5,2,5,60.5013311878166,1,3,3,4,1,0,0,52.2230586892981,11.3339041443899,3,.374087831269985,.25494930190458,.641471998045072,.257350056297253,-.789236201554421
124,5,9,9,9,9,7,9,9,3,6,4,2,1,4,2,4,72.4054723130023,2,3,1,2,1,0,0,31.7772146441902,5.85110227125455,5,.0255476164237112,.0797817550555681,-.677902469711667,.130102762507359,-.855730124334055
125,4,4,7,7,7,7,7,7,1,4,3,4,2,3,1,4,47.0010010678697,2,2,4,3,1,1,0,58.0213820033059,6.85214438763706,1,-.525707671720179,-.728361170789464,-.819283874641291,-1.34548283503322,-.618696061945559
126,5,9,8,8,8,7,9,9,1,5,5,2,1,1,2,3,35.2286335561503,3,2,3,3,1,0,0,46.5993375006686,.334597643116743,5,-.213840957048201,-.206618891181687,-1.80601849646972,-.216410540264956,-.722470004482485
127,4,0,6,9,6,6,10,10,3,5,4,2,2,4,4,4,18.0034190384948,1,3,1,4,1,1,0,29.5112965485553,7.81377258467227,5,-.455650620513106,-1.38827007253463,-.0614499357830928,.271622796878816,-.90797429953903
128,3,0,5,6,5,6,6,6,1,2,3,5,2,3,2,3,36.1931358176374,1,3,1,2,1,1,0,30.4453069769704,9.06954461154565,4,-.524668470417403,-1.67467071877189,-1.38082440353983,-2.33303509543002,-1.29457057453741
129,5,10,8,9,9,9,9,9,1,6,3,3,2,3,2,4,94.3029506871403,1,2,2,3,1,1,0,38.9246589581038,5.86242528197639,5,.235781507912308,.296645698356415,-.819283874641291,.130102762507359,-1.13855245679551
130,4,4,9,4,9,8,5,8,1,4,4,3,1,4,2,3,29.8464028103029,2,3,2,3,1,1,0,52.8349811148275,10.0501959767364,5,-.51098550521373,.0296750704965389,-.788785448575282,-1.79274661643336,-1.08630828159054
131,4,6,9,7,9,9,9,9,2,6,5,3,3,4,2,3,40.6425515648715,1,3,1,3,1,1,0,40.1155848774376,8.37729243648693,3,-.195095783793235,.30904667265624,-.788785448575282,-.0634049197842372,-.945696452877044
132,7,0,9,8,9,9,9,9,1,6,6,4,3,4,4,4,78.8166755433314,2,3,4,3,1,1,0,54.2898832391701,12.8921873073365,5,1.50036894272394,.0266367126116139,-.36967620274738,.033348921361561,-.463120077784382
133,7,3,8,8,8,8,8,8,3,5,7,6,3,4,5,4,83.8103443577762,2,2,3,3,1,0,0,39.8523242322904,8.52457553871911,5,2.21455623892666,-.303793902414821,-.535471186641029,-.60769003626293,-.232541920527898
134,4,4,7,4,7,7,2,6,3,3,3,3,1,3,1,1,48.2675637708616,1,1,2,1,1,1,0,49.8866652949821,6.87177410093266,5,-.658748483615914,-.728361170789464,-2.85885912994722,-3.0078256547094,-.907532165958307
135,5,2,9,9,9,9,9,9,2,6,2,3,3,4,3,4,42.8214651921055,2,4,3,4,1,1,0,44.8198168542434,3.98370868446424,3,-.380975209380133,.120773365959822,.104345048110556,.130102762507359,-.42584005802709
136,5,7,9,7,9,9,8,8,1,5,4,4,2,4,3,4,60.6234817158622,2,3,1,3,1,0,0,37.542109854999,13.5947203772919,2,.354633481571869,.356114999330344,-.36967620274738,-.704443877408728,-1.08675041517126
137,3,6,10,8,10,10,9,9,2,7,2,3,3,4,1,4,29.6277532527892,2,3,3,3,1,1,0,44.0065004025048,6.47792310853671,5,-1.25704805725399,.780682267704987,-.36967620274738,.283108382988078,-.42584005802709
138,5,6,10,9,10,10,8,10,2,7,5,6,3,5,5,3,60.7682011986274,3,3,4,3,1,1,0,51.0220113052428,6.62850425145542,5,1.18275321649523,.780682267704987,-.50497276057502,.405620550824701,-.062001780919037
139,2,5,8,8,8,8,7,8,2,5,3,3,1,4,1,3,40.08100892156,1,3,1,3,1,0,0,46.957166802475,3.07552811474159,4,-1.13674820335141,-.209657249066612,-.788785448575282,-.790450620916504,-1.2568484211994
140,4,6,7,8,7,8,8,8,2,5,6,5,3,3,4,3,70.8927072153379,3,3,2,3,1,1,0,43.4457574635696,9.48188387753641,4,.981488704512718,-.448989568629764,-1.07259813657554,-.60769003626293,-.374038016402838
141,5,6,10,10,10,10,10,10,2,7,3,4,2,5,4,5,61.0741713077793,2,5,2,5,1,1,0,36.8851818565045,6.49211889971563,5,.338981909658828,.780682267704987,1.28128823279666,.867895561277648,-.737434159930169
142,5,4,10,9,10,10,10,10,2,5,4,2,1,5,3,4,47.7145573648972,1,3,2,3,1,1,0,43.9700904859221,7.26821144365858,5,-.0901869596976842,.686545614356779,-.0858635147471176,.271622796878816,-1.1008303034575
143,7,5,5,8,8,7,8,8,1,5,5,4,1,4,3,4,67.2141189852275,1,3,1,3,1,0,0,47.7042458630172,10.4318841281787,5,1.00508708891035,-.996915040866831,-.36967620274738,-.60769003626293,-1.45014655869859
144,2,4,5,5,8,8,5,5,1,2,2,1,2,4,1,5,13.3252660145724,1,4,1,3,1,1,0,39.2240501946308,10.7734951036783,2,-1.9327692944098,-.858748418729443,.215228026974171,-2.8210684325738,-1.29457057453741
145,5,7,10,10,10,10,10,10,3,7,6,6,1,5,5,5,77.8887161917995,1,4,3,5,1,0,0,49.7323360036608,10.3265389896298,5,1.57184628595426,.827750594379091,1.11549324890301,.867895561277648,-.751514048216406
146,3,6,8,5,8,8,4,5,1,1,4,2,1,5,2,5,64.1090126280868,1,3,1,3,1,1,0,44.130170984506,11.4623599062936,3,-.453724231083808,-.162588922392508,.333245731080785,-3.25358847885389,-1.45014655869859
147,5,6,9,7,9,9,9,9,3,6,5,4,1,4,5,3,59.1442849921828,1,3,3,2,1,1,0,48.2368984507693,8.04164668987898,5,.868554619004834,.30904667265624,-1.09701171553957,-.0634049197842372,-.751514048216406
148,5,2,8,7,8,8,8,8,3,4,5,3,3,3,4,3,45.4539797706581,4,2,3,2,1,1,0,38.2619226162705,11.0592310370588,5,.392332764007643,-.350862229088925,-1.54661938743348,-.954203339035244,.183098398204407
149,5,5,10,5,8,8,8,8,4,5,5,3,3,4,3,4,67.7650373441523,2,3,2,3,1,0,0,39.3153668228026,4.35261514068369,4,.480520939256121,.191691312925872,-.36967620274738,-.897951559700324,-.195261900770607
150,5,6,6,7,5,8,7,9,1,5,7,4,2,4,5,4,96.5292014782688,2,3,2,2,1,1,0,37.2599060288422,7.30483170956421,5,1.68313065201686,-.821116580108033,-.677902469711667,-.678685550717903,-.930732297429361
151,3,1,0,4,9,0,6,6,1,3,4,3,1,2,4,2,17.1750768392478,1,2,1,1,1,0,0,36.2884061239167,6.62099358800442,2,-.50915843345647,-3.39947802898389,-2.55776758822593,-2.2767833160951,-1.45014655869859
152,7,8,10,10,10,10,10,10,1,7,5,5,3,4,5,5,73.9577410266566,1,4,3,4,1,1,0,47.612526877928,14.9180378332039,5,1.57096050843395,.874818921053196,.523454293938458,.867895561277648,-.826958354892435
153,4,4,10,10,10,10,10,10,2,7,5,4,1,5,2,5,61.1682666349672,2,3,2,5,1,1,0,41.5554504878951,12.6576890372933,5,.190186538823111,.686545614356779,.949698265009359,.867895561277648,-.893010144091346
154,5,2,9,7,9,9,8,8,2,4,4,4,3,3,2,3,73.7293405093152,2,2,4,3,1,1,0,54.9593682593662,11.4937004896125,5,.336273214709876,.120773365959822,-1.23839312046919,-.954203339035244,-.26982194028519
155,4,7,9,9,9,9,9,9,1,5,4,5,4,4,3,5,38.8383651439648,2,3,4,4,1,0,0,56.3684800794227,9.96570567165465,5,.0585549524036733,.356114999330344,.35765931004481,-.119656699119157,-.307544093623204
156,7,8,10,10,10,10,10,10,3,7,6,5,3,5,4,5,79.5918240682631,3,5,2,4,1,1,0,40.2488736109199,8.47631437637762,5,1.65704217753339,.874818921053196,.973061965832369,.867895561277648,-.180739878903646
157,4,6,8,7,8,8,7,7,1,4,2,3,2,4,2,4,27.4132993313561,1,2,1,3,1,1,0,40.1262274833066,9.52159991557582,5,-.921000885725597,-.162588922392508,-.535471186641029,-1.34548283503322,-1.29457057453741
158,4,5,10,10,10,10,10,10,1,7,3,4,2,5,4,5,53.2058057071667,2,5,2,4,1,0,0,37.9278304520157,13.1927444665018,5,.056286115179595,.733613941030883,.973061965832369,.867895561277648,-.930732297429361
159,4,2,10,10,10,10,10,10,1,7,2,1,1,5,1,5,37.8540494676802,1,5,1,3,1,1,0,36.394231421577,8.00646629722258,3,-1.26561135658953,.59240896100857,.664835698868082,.867895561277648,-1.45014655869859
160,4,7,9,10,9,9,10,10,3,7,6,4,5,5,4,5,74.2740628652489,2,3,5,4,1,0,0,56.390256399758,15.1078117080914,5,.87292622266337,.356114999330344,.641471998045072,.867895561277648,.390646283278259
161,4,7,9,9,9,9,9,9,3,6,5,4,1,3,3,3,73.1026682065696,1,2,5,3,1,0,0,61.8747038926797,9.16439157387405,5,.498383103161048,.356114999330344,-1.23839312046919,.130102762507359,-.439477812732605
162,4,4,10,9,10,10,10,10,3,7,3,5,2,5,2,5,58.1898356961002,3,5,2,5,1,1,0,45.9203496243512,13.9888436282336,4,-.0784398676967206,.686545614356779,1.28128823279666,.77114172013185,-.336315863064824
163,5,1,5,7,7,7,5,5,1,2,4,2,1,4,3,4,44.9215841674052,2,2,1,1,1,0,0,42.2869158548201,7.33198633448396,2,-.122515098411462,-1.27091471280426,-1.1519237205696,-2.6275607502822,-1.24232639933244
164,6,6,10,0,10,10,10,10,4,7,5,4,4,5,4,5,60.395273245957,3,5,6,5,1,1,0,60.2012076891994,25,5,.904597403103983,.780682267704987,1.28128823279666,-.0996428501803345,.792206713724326
165,5,6,10,9,10,10,10,9,4,7,5,5,3,5,3,5,60.5436936462111,3,5,4,5,1,1,0,53.3175727766155,7.20474769504749,5,.692337319328471,.780682267704987,1.28128823279666,.562622808787451,.324594494079347
166,3,7,9,9,9,9,9,9,1,6,3,2,1,4,2,4,30.7525919192646,1,4,1,4,1,0,0,37.4614862178056,5.70915972480776,5,-1.03074485122277,.356114999330344,.104345048110556,.130102762507359,-1.45014655869859
167,5,5,10,10,10,10,10,10,2,7,5,4,3,5,2,5,55.9257411795218,3,5,2,5,1,0,0,42.4907649331579,10.6182352079147,4,.321126238721099,.733613941030883,1.28128823279666,.867895561277648,-.374038016402838
168,5,6,10,10,10,10,10,10,1,7,6,4,2,5,4,5,42.2560691037867,2,3,2,5,1,1,0,43.9443267921873,7.92812227404529,5,.693944919989417,.780682267704987,.949698265009359,.867895561277648,-.930732297429361
169,5,0,8,7,7,7,7,8,2,4,5,2,1,3,3,4,48.6229420578739,1,3,1,3,1,1,0,46.9064526988805,7.74014654240862,5,.111253755037286,-.715960196489639,-.653488890747642,-1.13696392368882,-1.2568484211994
170,4,9,10,10,10,10,10,10,1,7,6,3,3,5,5,5,80.9956357698549,3,5,1,4,1,0,0,32.3155358984776,4.27152884391655,5,.973084240369725,.9218872477273,.973061965832369,.867895561277648,-.723354271643931
171,2,0,3,4,9,4,1,9,1,6,1,1,1,2,1,3,27.9112076531525,1,1,1,1,1,1,0,43.7092226642646,12.0944408709977,4,-1.95486610016172,-2.1035837174233,-2.30445332629168,-1.81575112045023,-1.45014655869859
172,2,7,9,8,9,9,8,9,2,6,2,1,3,4,1,4,34.8664156178251,1,3,1,3,1,0,0,32.7345971214403,3.16287921929391,5,-1.68343454495588,.356114999330344,-.36967620274738,-.149411663292014,-.945696452877044
173,3,3,7,7,7,1,8,8,3,7,2,3,1,3,1,3,50.1900337618869,1,4,1,3,1,0,0,41.2837922241639,7.36171440966424,3,-1.01904353319818,-1.88683919033252,-.906803152681896,-.204924954155694,-1.06355028370021
174,4,5,10,10,10,10,10,10,3,7,5,3,3,5,5,5,83.6255027592558,4,5,5,5,1,0,0,54.3935930929593,10.7595337901308,5,.812598122440365,.733613941030883,1.28128823279666,.867895561277648,.495134633688208
175,4,7,9,4,9,9,9,9,1,6,5,2,3,2,3,2,53.4608995534385,1,2,3,1,1,0,0,51.9454716123307,8.32168956801965,5,-.0243687427972962,.356114999330344,-2.55776758822593,-.353666443221632,-.826958354892435
176,6,8,9,9,9,9,9,9,1,6,6,5,1,4,4,4,37.6371989706992,1,4,1,2,1,1,0,39.940117276433,5.71574344308319,5,.979804349410299,.403183326004448,-.512107485818018,.130102762507359,-1.45014655869859
177,3,10,10,0,10,10,10,10,2,7,4,2,3,5,1,5,72.5607318037989,3,4,3,5,1,1,0,44.0289671582212,13.11033426928,5,-.525955287429469,.968955574401404,1.11549324890301,-.0996428501803345,-.218019898660938
178,5,0,2,7,4,4,7,7,1,4,3,3,1,3,3,4,41.1115033533389,1,2,2,3,1,1,0,49.4471726518248,9.35775973978948,3,-.20984136259325,-2.73288982462461,-.819283874641291,-1.34548283503322,-1.29412844095669
179,4,5,8,7,9,9,8,8,1,5,2,2,5,4,2,4,26.6278640222649,4,3,3,3,1,0,0,45.245451349887,11.4128982336473,5,-1.07779318812421,.0613040649858931,-.36967620274738,-.704443877408728,.107654091528378
180,6,6,7,9,9,9,9,9,2,6,6,5,4,3,3,4,63.3868261368921,2,2,2,2,1,1,0,39.3854284452176,7.4477924031879,5,1.10779332005114,-.0923018893362447,-1.12751014160558,.130102762507359,-.426282191607813
181,6,6,8,10,10,10,10,10,3,2,4,5,1,4,5,5,63.997840375569,2,4,2,4,1,1,0,39.9544357544491,6.21982915944375,5,1.07312925667413,.379333705712503,.523454293938458,-.380901746854936,-.699712006592154
182,5,3,7,7,7,6,7,7,4,4,2,1,4,4,1,4,60.0209604317915,3,2,2,3,1,0,0,40.9375984433347,5.25819690097244,3,-.817412592611157,-.960664446275061,-.535471186641029,-1.34548283503322,.168134242756724
183,4,2,6,7,6,3,7,7,1,4,4,3,1,2,2,2,41.4819674685156,3,2,2,2,1,1,0,40.5678513248433,6.23389611448584,5,-.376306035814736,-1.8498382656209,-2.24954132126164,-1.34548283503322,-.878488122224386
184,4,8,10,9,10,10,10,10,1,7,4,5,1,5,2,5,55.1863895979355,2,5,1,4,1,1,0,40.8806706364678,11.7924427294489,5,.0777221424110778,.874818921053196,.973061965832369,.77114172013185,-1.24232639933244
185,3,7,6,8,6,9,9,9,1,3,4,3,2,3,3,3,35.2759266583726,2,2,3,2,1,0,0,45.6524599261901,11.1221559170941,5,-.469702619986222,-.503086939381423,-1.54661938743348,-.715929463517989,-.77471417968746
186,2,7,10,10,10,10,10,10,1,7,3,1,1,5,3,5,25.6385099270319,3,5,2,5,1,0,0,43.2358883361895,.75,3,-1.25920325437375,.827750594379091,1.28128823279666,.867895561277648,-.878488122224386
187,5,7,10,10,10,10,10,10,3,7,6,4,4,5,3,5,78.2910252358966,2,5,2,4,1,0,0,32.4587813602546,10.7357951219021,4,.940984636203325,.827750594379091,.973061965832369,.867895561277648,-.232984054108621
188,1,4,9,9,9,9,7,9,1,6,3,1,3,4,1,3,18.2155494461124,1,2,2,3,1,1,0,46.5472294628065,8.23434014373978,5,-1.87685979638589,.214910019308031,-.954580432468931,-.23541840679979,-.982976472634336
189,6,6,7,7,9,9,9,8,3,6,5,4,1,2,3,3,41.7055106099683,1,2,1,1,1,1,0,49.0252848639484,4.98567465794674,4,.518208806795513,-.0923018893362447,-2.13865834239803,-.271923831128636,-1.06355028370021
190,3,4,7,7,6,8,7,8,2,5,3,4,3,5,3,4,41.9868500584293,3,4,1,4,1,1,0,42.1694978011145,12.1805388492719,4,-.435250241985609,-.628852587218986,.388157736110818,-.887204462062302,-.530056134144739
191,2,6,9,9,9,9,9,9,1,4,2,2,4,4,3,4,35.1668450656333,5,4,2,4,1,1,0,34.624606351674,5.60972267318352,4,-1.19213986614959,.30904667265624,.104345048110556,-.369416160745674,.00388014899145253
192,6,6,9,8,10,9,9,9,1,6,6,5,3,4,3,5,54.1917539324471,1,4,1,4,1,1,0,37.9568081110445,6.70461344135506,5,1.00136209114589,.394773037897253,.523454293938458,.033348921361561,-1.13899459037624
193,5,3,9,10,9,9,10,10,1,5,6,4,2,5,3,5,77.3311472543717,3,5,2,4,1,0,0,44.6475761805717,9.32110618594011,5,.929874229356992,.167841692633927,.973061965832369,.368376638024615,-.722912138063208
194,4,8,10,7,10,10,10,10,3,7,4,3,5,5,4,4,14.7347437602086,5,3,5,3,1,1,0,46.830860611089,8.59384716178243,5,-.345783884585174,.874818921053196,-.0858635147471176,.577634037840253,1.01410676137672
195,3,8,9,6,9,9,9,9,2,6,4,4,2,4,2,4,36.5730491990029,1,4,1,4,1,1,0,32.6590828734806,9.39066123208844,5,-.477045748208525,.403183326004448,.104345048110556,-.160158760930035,-1.10127243703822
196,5,2,8,8,9,9,9,9,1,5,4,3,3,4,2,4,40.3972086360715,1,4,1,4,1,1,0,42.9849625821993,2.96867126266934,4,-.197240970356992,-.0799009150364197,.104345048110556,-.216410540264956,-1.13899459037624
197,5,4,9,7,9,9,3,8,1,4,5,4,2,4,4,3,74.1584269181869,1,2,1,2,1,1,0,49.3563377867006,11.7245137024943,4,.872282369983353,.214910019308031,-1.26280669943322,-1.86800626230312,-1.29457057453741
198,5,5,10,7,10,10,9,9,3,6,4,3,2,5,4,5,85.9653813990424,1,5,2,5,1,0,0,38.4708765706002,7.68538917869295,5,.67031827466374,.733613941030883,1.28128823279666,-.0634049197842372,-.751956181797129
199,2,0,0,9,4,9,9,7,1,6,2,1,1,3,1,2,44.4848455934423,1,2,1,2,1,1,0,36.1038865039151,9.70646406815988,3,-1.57210302958733,-2.20806364255963,-1.96572863326138,-.286935060181439,-1.45014655869859
200,4,7,9,9,9,9,9,9,3,6,4,3,2,3,2,3,51.5611657280124,3,2,2,2,1,0,0,43.5436778532677,9.42397878658303,5,-.259641214344455,.356114999330344,-1.54661938743348,.130102762507359,-.336315863064824
201,4,6,8,10,10,2,10,10,5,7,4,4,3,4,3,4,51.4969499308447,3,3,5,3,0,1,1,55.1776677132336,8.93287523066018,5,.0573746504795566,-1.10254588477943,-.36967620274738,.867895561277648,.67391074932044
202,5,4,9,10,9,8,10,10,2,7,6,5,3,5,5,5,71.2704243226454,4,5,1,5,0,1,1,33.4968219029479,5.06275422427761,5,1.34753976747201,.0296750704965389,1.28128823279666,.867895561277648,-.322235974778586
203,2,7,10,10,10,10,10,10,3,7,3,2,5,5,3,5,41.9864248568681,5,5,3,5,0,0,1,36.9481124489744,7.82543889752719,4,-.922278181506174,.827750594379091,1.28128823279666,.867895561277648,.702070525892915
204,4,4,10,10,10,10,10,10,4,7,7,3,5,5,5,5,84.1863289403013,5,5,6,5,0,1,1,52.1453801566899,8.52038489476022,5,1.20094224586621,.686545614356779,1.28128823279666,.867895561277648,1.36342301661781
205,5,7,10,10,10,10,8,10,4,7,6,4,2,5,2,5,49.1009888457841,3,3,4,4,0,0,1,48.3004139013573,10.5819482685512,3,.433057348882432,.827750594379091,.641471998045072,.502374391970499,.169018509918169
206,5,9,9,9,10,9,9,9,3,6,2,3,2,4,3,4,26.8506742580434,2,3,1,3,0,0,1,36.8630009875007,3.96093376358391,3,-.565834106396665,.535978017919566,-.36967620274738,.130102762507359,-.700154140172877
207,6,4,10,9,10,10,10,10,4,7,4,4,4,4,5,5,78.3741561857379,4,5,6,4,0,1,1,50.1906864586342,5.11880808411157,5,1.09183136781568,.686545614356779,.689249277832107,.77114172013185,1.00002687309048
208,3,9,10,10,10,10,10,10,3,7,4,3,5,4,4,4,48.4365900075361,1,5,3,5,0,0,1,43.6752631455728,9.04727384740891,5,-.147312306535333,.9218872477273,.578366298968492,.867895561277648,-.129210111571695
209,4,5,9,9,9,9,9,9,4,6,4,3,5,5,3,5,80.0116667315557,5,4,5,4,0,0,1,48.7002671892231,9.99917935774015,3,.239726090165924,.261978345982135,.80726698193872,.130102762507359,1.20740489887591
210,1,1,1,9,1,10,9,9,1,6,3,1,6,4,1,4,48.4203495122829,4,3,4,4,0,0,1,39.8331749942619,4.41708922348831,3,-1.52724492459338,-2.03226518180083,-.0614499357830928,.130102762507359,.419248193431457
211,5,9,8,8,6,8,8,8,4,5,3,2,5,5,4,4,82.9802834443932,3,3,4,3,0,0,1,49.4266201012627,4.30919152919528,5,.297138958436928,-.192836672852222,-.0858635147471176,-.60769003626293,.635746462401703
212,3,4,7,7,7,7,7,7,3,4,4,4,5,4,1,3,78.4079813152993,3,3,3,3,0,1,1,43.2016294463067,7.05532784400331,4,-.162872402383802,-.728361170789464,-.788785448575282,-1.34548283503322,.28643020716061
213,3,5,9,7,9,8,6,6,5,3,3,3,6,4,1,5,41.5999763597917,5,4,6,3,0,0,1,47.267663677259,6.76894934760098,2,-.927545496713759,.0767433971706432,.215228026974171,-1.98652179265771,1.71229713827818
214,7,6,9,7,9,9,9,9,5,6,5,3,6,5,3,5,71.4374729006589,5,5,5,4,0,1,1,42.0550342282131,10.2514181212316,5,.906270578396839,.30904667265624,.973061965832369,-.0634049197842372,1.55627902053628
215,4,4,10,10,10,10,8,8,5,5,4,3,5,5,3,4,68.5550282931687,5,3,5,4,0,1,1,38.5475041431028,11.1018997532004,5,.107117658061256,.686545614356779,.222362752217169,-.414182353971333,1.4007030363751
216,5,5,8,9,8,8,6,9,3,5,5,5,3,4,3,4,88.6016525155512,2,3,3,5,0,0,1,49.9884005083451,9.61195487739937,5,1.01710290861806,-.209657249066612,.246776331181194,-.667938453079881,-.232541920527898
217,5,4,5,7,8,7,9,8,1,5,4,5,6,4,5,1,71.941815233821,2,2,4,2,0,1,1,46.4728938279369,9.30122527654443,5,.973458324804643,-1.04398336754094,-2.10102519108902,-.521683292755153,.0036078746991518
218,4,1,6,9,9,9,8,9,5,6,2,3,5,4,4,4,31.5954316804967,5,3,4,3,0,0,1,40.5577531913876,12.5373581785325,5,-.532477263572193,-.528317803703008,-.36967620274738,-.0526578221462153,1.2446849186332
219,3,6,10,10,10,10,10,10,4,7,2,4,5,5,2,5,43.3911426091455,3,5,6,4,0,1,1,48.8894876317445,4.82311782890029,4,-.779980267161278,.780682267704987,.973061965832369,.867895561277648,.947782697885504
220,3,9,10,10,10,10,10,10,4,7,4,1,6,5,1,5,66.7178193403291,5,5,5,5,0,0,1,41.9458312587837,10.27093407466,5,-.741286935331048,.9218872477273,1.28128823279666,.867895561277648,1.36298088303709
221,5,5,9,8,9,9,8,7,2,5,4,1,4,4,2,4,69.7471096344377,1,3,3,2,0,0,1,47.0008303939121,10.7214744750432,5,-.152923467516927,.261978345982135,-.677902469711667,-.816208947607329,-.478084233232065
222,3,1,8,4,1,4,6,5,3,2,4,2,5,4,3,4,32.8230627906046,4,4,5,3,0,0,1,49.6155864226364,6.23412450349577,1,-.645795093896906,-1.73895490769609,-.203881218853731,-2.73506168906602,.806286602010564
223,4,7,10,10,9,10,10,10,5,7,4,2,6,5,2,5,62.3265315111525,4,3,4,4,0,0,1,42.7769688421309,7.86603373285994,5,-.282735169655371,.742024229138078,.641471998045072,.867895561277648,1.19244074342823
224,5,2,10,7,10,10,10,10,3,7,6,4,4,5,2,5,66.1953063692384,3,4,5,4,0,1,1,50.7473254057881,11.7306355813085,4,.630920854558691,.59240896100857,.80726698193872,.577634037840253,.442890458483234
225,2,3,7,8,7,7,7,8,5,7,4,1,5,4,1,4,25.4661337676175,5,5,6,4,0,0,1,46.537318368937,12.5396860880759,5,-1.41038837085029,-.775429497463569,.270140032004205,-.29093169766347,1.556721154117
226,6,5,10,9,10,9,9,9,4,6,5,4,5,5,2,5,75.9013708889811,3,5,3,5,0,0,1,31.5327024990487,8.09446698206449,5,.743961334897395,.548378992219391,1.28128823279666,.130102762507359,.479728344659802
227,3,5,8,8,9,8,8,8,4,5,4,1,5,5,2,5,59.1355646280609,3,3,3,4,0,0,1,41.5859034723961,11.5378008974335,5,-.658991991581758,-.123930883825599,.641471998045072,-.60769003626293,.479728344659802
228,1,5,8,8,10,8,10,10,2,7,1,2,2,5,2,5,19.8532449903803,4,5,3,5,0,0,1,43.1706890341189,13.7674073771735,5,-1.92199729434408,-.0382045185845856,1.28128823279666,.674387878986051,-.165775723455963
229,4,6,10,9,10,10,10,10,5,7,3,3,5,5,4,4,48.3336742191505,5,5,5,5,0,1,1,45.6232612661864,12.063921397637,5,-.14780892577447,.780682267704987,.862178986968754,.77114172013185,1.4007030363751
230,3,2,8,10,8,8,10,10,4,4,2,3,5,4,2,3,57.5779113439934,4,3,6,3,0,1,1,52.2606714005176,11.4677627157245,5,-.763472127716018,-.350862229088925,-.788785448575282,.118617176398098,1.15560285725166
231,7,5,8,8,7,6,9,8,4,4,7,6,4,4,5,4,87.7538604542477,2,3,2,3,0,0,1,34.8982616085162,10.5617804796969,4,2.2602016949952,-.66585351193061,-.36967620274738,-.674688913235872,-.0396859166094289
232,6,4,6,8,8,8,10,10,2,7,4,4,5,5,2,4,45.6077275739266,1,3,1,4,0,1,1,30.5984725685495,1,3,.202391786227385,-.658074137733201,.222362752217169,.674387878986051,-.634544484554689
233,4,4,7,8,6,7,9,7,4,6,5,3,6,4,3,4,60.1642542420939,3,3,4,3,0,1,1,40.2253609804607,13.1708830097801,3,.200922361799381,-.814087536030478,-.36967620274738,-.383688901327237,.791322446562881
234,3,6,8,10,10,6,10,9,5,7,4,2,6,4,1,5,20.6883083523179,4,4,6,3,0,1,1,46.5281155748795,7.0591377387306,5,-1.12636881888231,-.361606089533466,.215228026974171,.659376649933249,1.50447697891203
235,4,2,10,9,10,10,10,9,4,7,4,1,6,5,3,5,20.6036595353703,5,4,3,4,0,1,1,32.303477866558,9.83331590592781,2,-.743312477089799,.59240896100857,.80726698193872,.562622808787451,1.05094464755329
236,2,8,9,7,8,8,9,9,3,6,2,4,5,4,1,4,46.8719776135088,2,3,5,3,0,1,1,43.6931246432805,12.62212896922,4,-1.10136931617341,.132222011951943,-.36967620274738,-.0634049197842372,.390646283278259
237,4,4,10,10,10,9,10,10,4,7,4,4,5,5,1,5,29.4546417035435,4,3,6,4,0,1,1,49.9528952261156,6.20371854273489,3,-.537877143558963,.501310665545287,.641471998045072,.867895561277648,1.15560285725166
238,1,7,9,8,9,8,8,8,5,5,2,1,6,3,1,5,30.1297815358833,5,3,4,3,0,0,1,32.4607823242365,8.45922071831555,5,-1.92988113695769,.170880050518852,-.23437964491974,-.60769003626293,1.40026090279438
239,6,10,10,7,10,10,8,8,5,5,4,3,5,5,3,5,70.971191691079,5,4,5,4,0,1,1,46.8098098402213,12.8805536708695,5,.518326183580894,.968955574401404,.80726698193872,-.704443877408728,1.4007030363751
240,7,7,10,10,10,10,10,10,1,7,7,6,4,4,5,5,100,2,3,4,4,0,0,1,49.5414714898406,7.78375500502514,4,2.40194845371772,.827750594379091,.35765931004481,.867895561277648,-.307544093623204
241,4,6,10,9,8,8,10,10,1,4,4,3,5,1,2,1,61.8401367141305,3,1,3,1,0,1,1,39.9599110828195,5.69047174995668,4,-.14066406119006,.238759639599976,-3.42648450594774,.0218633352522995,-.100166067837774
242,5,9,10,10,10,10,10,9,5,7,4,4,4,4,3,5,57.5352988971303,3,4,4,2,0,0,1,35.7483039467754,11.398287298002,5,.318888347093987,.9218872477273,-.0929982399901159,.659376649933249,.673468615739717
243,4,4,7,10,7,8,10,10,2,6,6,4,5,5,3,5,75.7529620007033,2,3,4,4,0,1,1,46.7608478158158,6.43931319051174,5,.719986087659138,-.543126221977972,.641471998045072,.618136099651131,.0413300280371661
244,7,7,10,10,10,10,10,10,2,7,7,5,3,5,5,5,83.7652371171797,2,5,3,4,0,0,1,47.2783226237222,13.1855946700321,5,2.06633309448255,.827750594379091,.973061965832369,.867895561277648,-.42584005802709
245,4,6,8,8,8,7,10,10,4,5,6,2,3,5,3,5,68.2817626010242,2,4,5,4,0,1,1,46.4596435519665,6.11769956518179,3,.33810628852335,-.347823871204,.80726698193872,.174868955733018,.272792452455095
246,3,5,10,10,10,10,10,10,5,7,3,2,6,4,1,5,57.5063267010988,5,5,6,5,0,0,1,38.9948869690463,6.2553537560895,5,-.891133524051197,.733613941030883,.997475544796394,.867895561277648,1.71229713827818
247,4,7,10,10,10,10,10,8,2,7,3,2,5,5,2,5,70.7697527833423,3,5,2,4,0,0,1,36.0991142101028,11.6804047578966,5,-.375932806687351,.827750594379091,.973061965832369,.45085773858885,-.0628860480804827
248,4,7,10,10,10,10,10,9,3,7,4,1,5,4,3,4,24.3905685885579,5,3,5,3,0,0,1,54.159499255246,10.7729842714315,5,-.69947971805085,.827750594379091,-.36967620274738,.659376649933249,1.01410676137672
249,4,6,10,10,10,10,10,10,3,7,7,4,3,5,5,5,84.0839494110426,2,5,3,4,0,1,1,42.0607989612715,12.6912653804273,5,1.34745825872789,.780682267704987,.973061965832369,.867895561277648,-.232541920527898
250,7,7,10,10,10,10,10,10,5,6,7,6,6,5,4,4,100,5,3,5,4,0,0,1,43.2257156450852,7.29399450952318,5,2.23189033976633,.827750594379091,.222362752217169,.618136099651131,1.55627902053628
251,4,8,10,9,9,9,9,10,5,6,4,4,6,4,3,5,40.0239407539176,5,4,6,4,0,1,1,40.4333541871482,5.24683645784559,5,-.0754232698403397,.60385760700069,.523454293938458,.338621673851758,1.71229713827818
252,2,1,5,9,6,4,8,9,4,6,3,2,6,4,2,4,51.4147873784045,3,3,6,3,0,0,1,46.4562988560068,1,3,-.983204775071438,-1.91234592447975,-.36967620274738,-.0526578221462153,1.10335868204668
253,2,5,10,10,10,10,10,10,3,7,6,1,5,4,1,4,65.688357278855,4,4,6,4,0,0,1,53.7615081408846,11.1653368726851,5,-.562971043419451,.733613941030883,.104345048110556,.867895561277648,.962304719752465
254,5,7,10,10,10,10,10,10,5,7,4,5,6,5,4,5,67.8724602209626,5,3,5,4,0,0,1,36.977269884742,6.19635353865704,5,.756298193028865,.827750594379091,.641471998045072,.867895561277648,1.55627902053628
255,1,4,9,7,8,8,10,10,5,5,1,1,5,4,1,4,9.67890529714139,3,3,4,3,0,1,1,36.512509731038,8.38864215684876,3,-2.35752251057175,-.0560512947444745,-.36967620274738,.0781151145872198,.829044599900895
256,4,4,9,9,6,7,8,9,5,6,6,4,5,5,4,5,82.7491643677862,3,4,2,3,0,1,1,36.8293899040413,10.7640665762957,5,.971023926298121,-.412738974037993,.499040714974433,-.0526578221462153,.517008364417094
257,5,2,4,10,8,8,7,6,5,4,4,4,5,3,3,3,32.5694067459916,5,4,6,2,0,1,1,50.1761790155075,10.0018781222054,5,.0299128476871232,-1.15355935307389,-1.21502941964618,-1.26374022294022,1.556721154117
258,6,0,0,10,0,0,5,10,2,7,7,4,3,4,4,4,79.1801287273739,2,4,2,2,0,1,1,39.3010343227293,14.0531757940869,5,1.50388123324646,-4.21808364282712,-.512107485818018,-.045907361990225,-.581858175768991
259,5,3,10,10,10,9,10,10,4,7,6,3,5,5,5,5,79.0348950548353,5,5,4,4,0,0,1,42.0337986845875,5,5,1.14200998052493,.454242338871182,.973061965832369,.867895561277648,1.05138678113401
2260,4,4,10,9,10,10,10,10,2,7,2,3,3,5,2,5,9.51177367799596,2,5,4,5,0,1,1,41.5185786234085,14.8558978626969,5,-1.12820767347056,.686545614356779,1.28128823279666,.77114172013185,-.26982194028519
261,5,2,8,8,8,7,10,10,5,5,4,4,5,3,3,4,71.0939297498841,3,3,6,3,0,1,1,56.0561540780528,9.71567362680741,5,.475826945491687,-.536097177900417,-.653488890747642,.174868955733018,1.1410808353847
262,7,8,10,10,10,10,10,10,4,7,4,3,4,4,3,5,75.2172951278795,4,3,5,3,0,1,1,53.530368976368,15.0307187101446,5,.759094975755006,.874818921053196,.0494330430805225,.867895561277648,.844008755348578
263,3,2,7,7,8,7,9,7,2,4,3,1,4,4,1,4,38.8897677117783,1,3,3,3,0,1,1,35.3299191187766,5.85065692341061,5,-1.25431772461575,-.73677145889666,-.36967620274738,-.979961665726069,-.478084233232065
264,6,3,9,9,6,8,8,9,3,4,5,5,3,4,5,5,79.4759313063047,4,3,4,4,0,0,1,45.9190349913245,8.1935274530622,2,1.44321157695556,-.274572351900606,.35765931004481,-.552176745399249,.339116515946308
265,3,9,10,10,10,10,10,10,5,7,3,4,6,4,2,5,48.4453515079658,5,5,6,5,0,0,1,42.0169780892693,6.18541880844813,4,-.530552418095838,.9218872477273,.997475544796394,.867895561277648,1.71229713827818
266,4,7,10,10,10,9,10,5,2,7,6,2,5,5,4,5,43.9118984209582,1,4,4,4,0,0,1,46.8913340206819,8.26164202821153,4,.226087814573165,.642515645567599,.80726698193872,-.174698995444348,-.166490131328987
267,4,3,8,8,8,8,8,8,2,5,1,4,4,4,1,4,33.225188515284,3,3,3,3,0,0,1,34.3487935324445,6.16901799223601,5,-1.06701277339797,-.303793902414821,-.36967620274738,-.60769003626293,-.0624439144997599
268,4,0,4,8,2,4,8,9,3,5,3,2,6,4,2,4,43.2524167320781,5,3,4,4,0,1,1,39.5595254371191,8.37545333882681,2,-.694440788682213,-2.50299399311415,-.0614499357830928,-.39917112491853,1.01366462779599
269,5,6,9,8,7,9,8,9,5,5,4,2,4,5,2,5,36.5381127135585,4,4,5,4,0,1,1,48.244814429014,5,4,-.389610315442229,.137593942174213,.80726698193872,-.39917112491853,1.03730689284777
270,7,9,10,9,10,10,10,10,3,7,7,4,4,5,4,5,57.2710754899268,5,3,6,4,0,0,1,55.8441549670427,10.8936561407002,5,1.44190901315273,.9218872477273,.641471998045072,.77114172013185,1.01454889495744
271,6,2,10,10,7,10,10,10,4,7,5,5,5,5,5,5,98.7536566176604,4,4,4,5,0,1,1,44.3865642822356,9.44142514108167,5,1.6663476165392,.33522986528553,1.11549324890301,.867895561277648,.843566621767855
272,3,2,4,6,9,6,8,8,2,5,4,2,4,4,1,4,39.6873053478081,2,4,4,2,0,1,1,50.9132286149646,9.6223459990486,5,-.906459007057268,-1.43830288545587,-.512107485818018,-.801197718554526,-.114245956124012
273,6,5,7,10,7,7,10,10,2,7,4,5,5,4,5,4,90.6379777902201,3,4,5,4,0,0,1,59.2255488947577,7.79298798546219,5,1.38148382966764,-.68129284411536,.104345048110556,.867895561277648,.405168305145219
274,5,3,8,8,7,7,8,8,2,5,5,4,5,4,4,4,85.4223677511329,1,3,2,3,0,0,1,40.3221285273576,8.56225144732976,4,1.00266036359899,-.574755216467327,-.36967620274738,-.60769003626293,-.478526366812788
275,6,4,8,7,10,8,7,8,1,5,4,3,4,4,3,4,75.436615501108,4,3,5,3,0,1,1,50.1857565067116,6.10189195698888,2,.57001262313429,-.0852728452586899,-.36967620274738,-.887204462062302,.264114342851002
276,3,7,10,10,10,10,10,10,3,7,4,2,3,5,2,5,40.2332154345179,5,3,5,4,0,0,1,53.2414199305565,6.71801242461032,5,-.730082086672553,.827750594379091,.641471998045072,.867895561277648,.702954793054361
277,6,6,10,9,10,10,10,10,3,7,4,2,5,5,4,5,48.1419283218474,5,3,4,5,0,1,1,48.1249897181014,11.0348269004681,4,.276438837219088,.780682267704987,.949698265009359,.77114172013185,.858088643634816
278,4,9,9,7,9,9,9,9,2,6,5,3,6,3,3,5,39.8126229116235,4,2,2,2,0,0,1,34.6599693289872,10.9227459062192,5,-.0346439376888915,.450251652678552,-.708400895777676,-.0634049197842372,.300510095446848
279,5,10,10,10,10,10,8,10,1,7,5,4,3,4,4,4,57.7677649150068,1,3,3,4,0,1,1,51.2462874188504,11.4976229411016,5,.682563544423096,.968955574401404,-.0614499357830928,.502374391970499,-.826958354892435
280,4,10,10,10,10,10,10,0,1,7,4,3,3,5,3,5,47.0755318896608,3,5,3,4,0,0,1,50.9397314476586,10.3780122292362,5,-.1415034672178,.968955574401404,.973061965832369,-1.21729355216634,-.41131803616013
281,4,5,10,10,10,10,10,10,4,7,3,3,6,4,2,5,49.64625066979,3,4,4,4,0,0,1,38.0610898865724,5,5,-.472732328480505,.733613941030883,.523454293938458,.867895561277648,.791322446562881
282,6,3,8,8,10,9,9,9,5,5,4,4,4,4,5,4,73.9386938166758,3,3,4,3,0,0,1,45.6031850235825,9.93775664118678,5,1.04049172629833,.052893776878698,-.36967620274738,-.216410540264956,.673468615739717
283,2,4,10,8,10,9,9,9,5,6,4,4,6,4,2,4,62.9232661334655,5,3,6,3,0,1,1,45.531227106285,9.70288170306448,5,-.36366789480022,.501310665545287,-.36967620274738,.033348921361561,1.71229713827818
284,4,5,8,10,8,8,10,10,3,6,4,4,6,4,2,4,83.9446039923562,3,4,5,4,0,0,1,48.6153476077025,16.7689145601831,1,.262892020882675,-.209657249066612,.104345048110556,.618136099651131,.754042426805589
285,5,7,10,10,10,10,10,10,5,7,5,3,6,5,4,5,64.963101868338,4,4,4,4,0,0,1,39.8139530402347,10.7728329778667,5,.618147177810172,.827750594379091,.80726698193872,.867895561277648,1.19244074342823
286,4,7,10,8,10,10,8,10,4,7,2,2,5,5,1,5,38.2870623655774,3,5,5,4,0,0,1,39.2307127271978,6.32076736080878,5,-1.1128982772229,.827750594379091,.973061965832369,.308866709678902,.791764580143604
287,4,6,9,9,9,9,9,9,2,6,4,3,4,4,1,4,80.1558888575998,2,3,2,4,0,1,1,33.0101791242863,8.59315315065714,5,-.0987207937916603,.30904667265624,-.0614499357830928,.130102762507359,-.426282191607813
288,2,5,10,10,9,9,10,10,2,6,5,4,4,5,1,5,30.9509256361079,4,5,5,4,0,0,1,48.2676408971848,7.02827555323421,5,-.712873495119777,.462652626978378,.973061965832369,.618136099651131,.457412480350194
289,5,1,10,10,9,9,10,10,3,7,5,2,6,4,3,5,62.258214199964,4,3,3,4,0,0,1,34.0342087635942,8.50133475937498,3,.269079461923922,.27437932028196,.35765931004481,.867895561277648,.64982635068794
290,6,5,9,10,9,9,10,10,2,6,7,5,4,5,5,3,80.7320192777813,5,4,3,4,0,0,1,36.4490184302529,11.9459448369653,5,1.83960322465541,.261978345982135,-.0309515097170841,.618136099651131,.353196404232545
291,4,4,10,10,9,10,10,10,4,7,5,4,4,4,3,4,54.9786033149536,3,5,3,4,0,1,1,43.4029690872025,8.75430742643444,4,.288600465647802,.600819249115765,.270140032004205,.867895561277648,.324152360498624
292,4,3,9,9,9,9,9,9,5,6,5,4,6,5,2,5,50.9594994737844,5,5,6,5,0,0,1,47.1208799532002,12.7269087106492,4,.0720219817196852,.167841692633927,1.28128823279666,.130102762507359,1.71229713827818
293,6,2,5,7,7,7,8,8,5,5,6,6,6,3,5,3,88.5607226034243,4,3,5,3,0,1,1,34.9446749205905,4,3,1.88699369476456,-1.22384638613016,-1.07259813657554,-.704443877408728,1.34845886117013
294,4,1,0,7,2,2,8,8,2,5,4,4,4,4,1,3,35.2203488670537,1,4,2,2,0,0,1,39.3783156845299,4,4,-.471140169093058,-3.629092688048,-.931216731645921,-.704443877408728,-.634102350973966
295,4,5,7,9,7,8,9,7,4,4,4,3,3,4,1,4,40.6488287793305,4,4,3,4,0,0,1,36.2681650806208,10.5276679098428,3,-.556007573174553,-.496057895303868,.104345048110556,-.786453983434473,.376396535703599
296,4,0,8,8,8,7,8,8,4,4,4,3,4,3,3,4,23.1204140538971,5,3,4,3,0,1,1,42.9753337619313,6.11858374019658,5,-.418779444300171,-.630233831248626,-.653488890747642,-.857449497889446,.89581079697283
297,4,4,10,10,10,10,10,10,5,3,4,4,6,5,2,5,63.4755328085999,5,4,6,4,0,1,1,59.8119859677131,7.83048710874481,5,.0259663772120227,.686545614356779,.80726698193872,-.131142285228419,1.71229713827818
298,3,1,0,10,0,0,4,10,2,7,2,3,5,4,2,4,32.2975249070751,2,4,3,3,0,0,1,43.3616833489712,9,4,-1.05608783924683,-4.17101531615301,-.203881218853731,-.2286679466438,-.114688089704735
299,5,1,0,10,10,3,10,10,2,7,4,4,4,4,2,3,46.5849879728646,1,2,1,3,0,0,1,37.5676412600883,2,3,.0220824466487788,-2.7580468173084,-.954580432468931,.867895561277648,-.790120468715866
300,4,3,9,10,4,7,10,8,3,5,4,5,5,5,4,5,53.6199312630351,5,4,3,5,0,0,1,28.435776583693,9.90591582806619,5,.3997069101246,-.631260031194124,1.11549324890301,-.0486611846641838,.702070525892915
301,4,7,10,10,10,10,10,9,4,7,4,4,6,5,3,5,51.3970815707659,4,5,5,5,0,0,0,47.5349090821981,9.56381502919593,5,.0562186930215172,.827750594379091,1.28128823279666,.659376649933249,1.15516072367093
302,4,6,10,10,10,10,10,9,4,7,4,5,5,5,3,3,66.3721911084322,4,3,4,2,0,1,0,38.494359866331,8.79579556374589,5,.377253802038043,.780682267704987,-.813199027539307,.659376649933249,.843566621767855
303,4,7,8,8,8,8,9,9,4,5,5,4,6,5,2,5,29.6866010490477,4,4,6,4,0,0,0,57.2835169467867,11.9084611780931,4,-.174207810867134,-.115520595718404,.80726698193872,-.216410540264956,1.31117884141283
304,3,5,6,6,7,7,10,7,2,4,5,1,3,4,1,4,50.6184892640696,1,3,3,3,0,0,0,43.217445045193,6.32375392019099,4,-.736707315703603,-.881967125111602,-.36967620274738,-.893954922218293,-.633660217393243
305,5,9,10,10,10,10,10,10,3,7,7,4,2,5,5,5,67.5406945680804,2,4,5,5,0,0,0,52.4527913332892,11.7900482804354,5,1.34759414442008,.9218872477273,1.11549324890301,.867895561277648,-.0760816692052746
306,5,0,0,8,7,0,8,8,2,5,7,3,4,4,5,4,69.6366388833823,2,4,2,3,0,1,0,35.7604820975224,11.9406408242769,5,1.22415326847557,-3.61799908614002,-.203881218853731,-.60769003626293,-.426282191607813
307,4,7,10,10,10,10,10,10,5,7,5,5,6,5,4,5,42.5288710900893,5,5,4,5,0,0,0,29.2795394554749,8.2995342784569,5,.462256310591959,.827750594379091,1.28128823279666,.867895561277648,1.40026090279438
308,4,2,8,8,9,9,9,9,3,6,5,5,4,5,1,5,48.6124808645064,5,4,4,4,0,1,0,48.8937596756289,7.04622142355136,5,.0224986060490322,-.0799009150364197,.80726698193872,.033348921361561,.702512659473638
309,3,6,10,8,3,3,8,8,3,5,1,1,4,5,1,4,29.0634152871211,4,3,2,4,0,1,0,34.9671219357369,7.65401287227564,3,-1.74990856918042,-1.11604693066255,.222362752217169,-.60769003626293,.182656264623684
310,4,9,10,10,10,10,10,10,4,7,4,3,3,5,3,4,67.2609603342648,4,3,4,4,0,0,0,39.2328782742866,4.4761969395468,5,.0921390651703293,.9218872477273,.222362752217169,.867895561277648,.5324146534455
311,3,2,6,8,6,7,8,6,2,4,3,5,2,4,4,4,26.1412687705943,1,4,4,4,0,1,0,51.9907179387957,11.8390138364398,5,-.300900710348486,-1.10889847037493,.104345048110556,-1.27448732057824,-.63321808381252
312,3,3,8,9,8,8,7,10,5,7,3,3,6,4,1,4,63.9917581937442,4,3,4,2,0,0,0,35.8162433688629,6.45468671563665,5,-.668364839403227,-.303793902414821,-.677902469711667,.222859966171126,1.19244074342823
313,4,6,9,10,8,8,10,10,5,7,5,2,5,4,2,4,38.7661585981355,3,4,6,3,0,1,0,51.1397567557377,3,5,-.364515715600847,.0380853586037341,-.203881218853731,.867895561277648,1.1410808353847
314,5,6,10,10,10,10,10,10,4,7,7,5,4,5,5,5,100,4,5,4,3,0,1,0,50.2951915293187,8.98459271945656,4,1.87100552782257,.780682267704987,.664835698868082,.867895561277648,.687990637606678
315,4,7,10,10,10,10,8,8,3,7,4,4,6,4,3,5,49.4482082575983,4,3,4,4,0,0,0,44.9191072597214,6.03790709420352,5,.0336608514853945,.827750594379091,.35765931004481,.0853365692817005,.805844468429841
316,4,5,10,5,10,10,8,10,4,5,3,1,4,3,1,3,30.4952085836972,5,3,6,3,0,0,0,55.7356475742869,9.82064938812882,3,-1.15986222080349,.733613941030883,-1.07259813657554,-.480913737011526,1.20784703245663
317,3,2,8,8,8,8,8,8,1,5,2,3,6,5,1,5,32.7282240541816,3,3,3,3,0,1,0,36.2393024881738,12.635320830369,3,-1.22116069169122,-.350862229088925,.333245731080785,-.60769003626293,.0554099163234037
318,7,0,9,8,8,9,9,9,4,6,4,4,5,4,4,4,68.0640684842955,3,5,6,4,0,1,0,55.2511045044433,8.33993109110277,2,.994056875223312,-.0590896526293994,.270140032004205,.033348921361561,.947782697885504
319,5,4,10,10,5,10,10,10,3,7,4,3,5,4,1,4,41.4982413503209,4,3,5,4,0,1,0,52.1999840901825,11.0201523660485,4,-.354554838016791,.257913788151712,-.0614499357830928,.867895561277648,.806286602010564
320,5,7,10,10,10,10,10,8,5,7,4,4,6,5,2,5,84.3129889022602,5,3,5,4,0,0,0,42.248026098073,9.50774687319151,5,.458776951463319,.827750594379091,.641471998045072,.45085773858885,1.55627902053628
321,5,4,10,10,10,10,10,9,4,7,7,4,5,5,2,5,100,5,4,6,4,0,1,0,54.4632068477045,11.0149327846098,5,1.21313014933839,.686545614356779,.80726698193872,.659376649933249,1.36342301661781
322,4,3,10,10,9,9,10,10,5,6,4,5,4,5,3,5,65.9421829796343,4,5,4,3,0,0,0,36.769784807455,13.7399096778566,4,.372276538937805,.368515973630169,.664835698868082,.618136099651131,.88128877510587
323,3,6,10,10,10,10,10,10,4,7,4,3,5,5,2,5,64.6770432663866,4,3,3,4,0,1,0,35.5871792813858,3.55910812227195,5,-.299448346802163,.780682267704987,.641471998045072,.867895561277648,.687548504025955
324,5,3,10,9,9,9,9,9,5,3,4,2,6,5,3,5,51.8822092809219,4,3,5,4,0,0,0,46.0527394744457,8.25654972879584,2,-.0419471737330445,.368515973630169,.641471998045072,-.619175622372191,1.34845886117013
325,2,5,8,7,8,7,7,7,5,5,2,1,5,3,3,3,21.2802322645089,5,2,3,2,0,0,0,26.4967371034304,8.59943210410037,5,-1.50057583045537,-.394892197878105,-1.54661938743348,-1.0957233734067,1.0886668008913
326,4,0,8,8,8,8,10,10,5,7,3,3,5,5,1,4,52.3314547654858,5,3,3,4,0,1,0,25.0537123316353,7.73074539558993,5,-.611709710773461,-.444998882437134,.222362752217169,.674387878986051,1.0886668008913
327,5,8,10,10,10,10,10,10,5,5,4,3,6,5,3,5,77.6746889727749,5,5,5,5,0,1,0,38.5765950943923,12.756450583321,4,.404296957402582,.874818921053196,1.28128823279666,.368376638024615,1.55627902053628
328,5,3,10,10,10,10,10,10,5,7,5,4,6,5,4,5,68.9282121386455,3,3,6,5,0,0,0,58.6742652928566,10.4746575712859,3,.811743619003681,.639477287682674,.949698265009359,.867895561277648,1.29665681954587
329,4,5,9,9,10,10,9,9,4,6,3,4,4,5,3,4,64.325721198215,3,3,4,4,0,0,0,44.4184830548259,7.13137430691735,5,.0149389286380689,.532939660034641,.222362752217169,.130102762507359,.480170478240525
330,6,2,10,10,10,10,10,10,5,7,6,4,6,5,2,5,88.3165384714874,3,5,6,4,0,1,0,42.9364651498633,10.4443066616093,5,1.07859089431447,.59240896100857,.973061965832369,.867895561277648,1.29665681954587
331,4,5,8,10,6,10,10,10,5,7,5,2,4,4,4,4,74.0741614199563,3,4,5,4,0,0,0,48.8917758849809,11.8300637729189,5,.38428399481988,-.0106400819256549,.104345048110556,.867895561277648,.829486733481618
332,2,2,8,10,10,8,10,10,4,7,4,1,6,4,2,4,38.7892571222272,5,4,6,3,0,1,0,48.0413992674125,6.05264749220001,5,-1.08611761343516,-.179409498606898,-.203881218853731,.867895561277648,1.51899900077899
333,1,3,9,9,5,5,10,10,4,7,3,2,5,4,2,4,44.7998011941537,3,3,4,3,0,0,0,40.7638164772115,4.70914166780179,4,-1.25139293887612,-.916003563576095,-.36967620274738,.77114172013185,.635746462401703
334,1,5,8,7,8,8,9,9,3,6,3,2,3,5,2,5,27.8647343000647,3,4,4,4,0,0,0,45.0031714760927,11.262584939593,5,-1.4474131485118,-.209657249066612,.80726698193872,-.0634049197842372,.131296356580155
335,4,7,9,8,9,9,9,9,3,5,5,2,6,5,1,5,65.4936104350766,2,3,3,4,0,0,0,34.6292070655411,2.19083954364884,3,-.225208608566109,.356114999330344,.641471998045072,-.216410540264956,.234186031955635
336,2,6,10,10,7,10,10,10,1,7,3,1,4,5,1,5,41.8112438906239,2,5,2,4,0,1,0,31.1100546742814,6.9385832210614,5,-1.41212313272849,.523503171981947,.973061965832369,.867895561277648,-.619580329107005
337,2,0,8,10,6,6,10,10,4,7,4,2,5,4,2,5,62.3004384788969,3,4,4,4,0,1,0,46.3886597753109,15.8727983216997,5,-.666279080854344,-.986921510542145,.523454293938458,.867895561277648,.635746462401703
338,5,4,4,10,10,10,10,10,5,7,5,2,6,2,1,2,26.7459317740941,4,2,5,1,0,1,0,39.7478528054742,10.634326074767,5,-.482084746438291,-.517500071620674,-2.55776758822593,.867895561277648,1.34845886117013
339,5,2,9,9,9,9,9,9,3,6,7,5,6,4,4,4,75.0970009137717,3,3,3,3,0,1,0,39.5299870224704,6.01703043145662,5,1.41269988984495,.120773365959822,-.36967620274738,.130102762507359,.442006191321788
340,3,7,7,8,9,9,9,9,4,6,2,2,6,5,3,5,46.4891850547011,5,3,6,4,0,0,0,53.0155899130651,8.41635353826414,4,-.869464968668551,-.0452335626621405,.641471998045072,.033348921361561,1.51899900077899
341,2,5,10,10,10,5,10,10,5,7,3,2,6,4,3,4,46.5213089931377,5,5,5,3,0,0,0,37.8856313089377,8.77906721287353,5,-.869787751759164,-.192560803026578,-.0380862349600824,.867895561277648,1.55627902053628
342,7,4,10,9,10,9,10,10,5,6,5,5,5,5,5,5,91.1919650994141,5,5,5,5,0,1,0,46.2765728011776,8.58493558559547,5,1.77044340606747,.501310665545287,1.28128823279666,.521382258505333,1.4007030363751
343,5,4,10,10,10,10,10,10,4,7,4,6,5,5,4,5,83.7359171308594,4,5,6,5,0,1,0,51.3153774922833,12.7388737156826,5,1.08761575556169,.686545614356779,1.28128823279666,.867895561277648,1.15560285725166
344,3,7,9,9,9,9,9,9,3,6,5,2,4,4,2,4,76.5661919486925,4,3,4,4,0,0,0, , , ,-.118608393711004,.356114999330344,-.0614499357830928,.130102762507359, 
345,5,4,8,9,8,8,9,9,5,6,5,4,6,4,3,4,55.2033667889813,5,3,5,3,0,1,0,41.7776924254662,11.0526581065389,5,.482823005158796,-.256725575740717,-.36967620274738,.130102762507359,1.55627902053628
346,6,8,10,9,9,9,9,9,1,7,5,6,2,5,1,5,76.0242392220516,1,4,2,4,0,1,0,43.5243381684384,5.5608818036151,5,.870727472019456,.60385760700069,.80726698193872,.379862224133876,-1.13855245679551
347,6,9,10,10,10,10,10,10,4,2,4,3,6,3,2,4,70.0722436901769,3,3,1,3,0,0,0,23.8724350050503,1.34408853569327,4,.337862915832918,.9218872477273,-.653488890747642,-.380901746854936,.323268093337179
348,4,6,6,6,5,5,8,8,4,5,3,3,4,4,2,4,42.6454321011562,5,3,4,2,0,1,0,41.9362381266461,9.35973078111358,4,-.5537654848316,-1.37682142654251,-.677902469711667,-.801197718554526,.89581079697283
349,5,4,7,10,10,10,10,10,3,7,4,3,5,5,2,4,49.0589374372959,1,3,1,4,0,1,0,26.0008504486119,.1,5,-.0969830908905664,.0845227713680523,.222362752217169,.867895561277648,-.441246347055496
350,2,3,8,9,8,8,9,9,3,6,4,2,6,4,1,3,14.5000239679626,2,3,2,3,0,0,0,34.7507170192738,13.3321819421972,5,-1.38961798972106,-.303793902414821,-.788785448575282,.130102762507359,.0781679142137346
351,4,7,9,9,9,9,8,9,5,6,3,3,6,5,3,5,46.2725989368881,5,3,5,4,0,0,0,37.2943025161089,3.02095823299965,3,-.341723597921392,.356114999330344,.641471998045072,-.0526578221462153,1.55627902053628
352,5,7,10,9,10,10,10,10,4,7,4,5,5,5,4,5,81.2124599565858,3,5,4,4,0,0,0,46.0571621275833,10.2708407386452,5,.91070617742422,.827750594379091,.973061965832369,.77114172013185,.635746462401703
353,5,2,9,8,10,9,9,9,4,6,6,3,5,5,5,5,90.4766182394908,3,4,3,4,0,1,0,40.5619301265761,9.39218871002036,2,1.27444577137689,.206499731200836,.80726698193872,.033348921361561,.479728344659802
354,4,7,10,10,10,10,10,10,3,7,4,3,4,5,2,4,50.4197415767921,3,3,5,3,0,0,0,47.8955530976838,10.7681127110273,5,-.272852983911396,.827750594379091,-.0858635147471176,.867895561277648,.442890458483234
355,5,4,8,9,8,8,9,9,3,6,4,4,5,4,2,4,71.2104098930021,4,3,4,3,0,1,0,36.4071953072794,3.89978697956428,5,.307117067258237,-.256725575740717,-.36967620274738,.130102762507359,.650268484268663
356,7,10,10,10,10,10,10,7,4,7,5,3,5,5,5,5,64.9556188923883,5,5,5,5,0,0,0,45.1688046176783,8.66880664919743,5,1.17136056698949,.968955574401404,1.28128823279666,.242338827244451,1.20740489887591
357,2,2,5,4,5,6,5,5,4,2,3,2,5,4,2,4,44.0491044492694,5,4,4,3,0,1,0,42.0067000291856,7.50068305972654,3,-1.06846116767435,-1.58053406542368,-.203881218853731,-2.91782227371959,1.05138678113401
358,5,4,7,8,5,7,7,7,5,4,4,4,5,4,1,4,28.39638148551,3,3,5,3,0,1,0,44.0919397001546,15.1085120256943,3,-.358505361630342,-.899813901271491,-.36967620274738,-1.24872899388742,.985062717642796
359,5,7,9,10,7,9,9,9,2,6,5,2,5,4,3,4,53.563016560943,1,4,3,3,0,0,0,44.5762843253309,8.93920884026528,5,.168434186963745,.184662268848317,-.203881218853731,.226856603653158,-.322508249070887
360,3,7,10,10,10,10,10,10,5,7,2,1,6,4,1,3,55.5478683608442,5,2,5,2,0,0,0,40.8640176434337,12.4825568603513,5,-1.25242968010554,.827750594379091,-1.26280669943322,.867895561277648,1.55627902053628
361,3,3,10,10,10,10,10,10,5,7,5,2,6,5,3,5,29.8959414473299,5,4,6,4,0,0,0,39.0611553574343,6.87109660907236,5,-.488749639126769,.639477287682674,.80726698193872,.867895561277648,1.71229713827818
362,5,3,9,10,9,8,10,10,5,7,5,4,5,4,4,5,60.2296238152439,4,3,6,3,0,0,0,53.7698254082912,10.5235077240465,5,.711059097510423,-.0173932561775654,.0494330430805225,.867895561277648,1.34890099475085
363,4,3,10,10,9,10,10,10,4,7,4,2,5,5,3,5,73.7471379072608,4,5,6,5,0,0,0,54.4053893346632,10.8110482887083,4,.0195143122978305,.553750922441661,1.28128823279666,.867895561277648,1.15560285725166
364,5,4,10,10,10,10,10,9,2,7,6,4,3,5,4,4,66.3612138707416,3,3,3,3,0,1,0,41.7364423736091,7.2259461680372,3,.972957430543254,.686545614356779,-.0858635147471176,.659376649933249,-.218019898660938
365,4,8,10,9,10,10,7,9,2,6,4,3,5,5,2,5,57.2062815554797,5,3,4,3,0,1,0,40.1645595535414,10.1823177957236,5,-.19430006188027,.874818921053196,.333245731080785,-.23541840679979,.664790506135624
366,4,7,8,5,8,8,5,5,2,2,4,2,4,4,3,4,58.273657296543,3,3,4,3,0,0,0,53.097540237651,11.9546689921729,4,-.159588311392734,-.115520595718404,-.36967620274738,-2.8210684325738,.0935742032421408
367,6,2,9,10,7,7,10,10,3,7,7,6,3,5,5,4,69.4139949266438,3,4,4,4,0,1,0,47.5828315482186,15.1480763626883,5,1.85630026113315,-.421149262145189,.388157736110818,.867895561277648,.131296356580155
368,6,4,8,8,8,8,8,8,2,5,5,2,5,4,3,5,61.362625898334,2,3,2,4,0,1,0,39.891937861486,12.1694443871126,5,.450334140646201,-.256725575740717,.35765931004481,-.60769003626293,-.270706207446635
369,5,3,9,9,9,9,9,9,4,6,5,4,4,4,4,4,49.9645075466194,4,3,4,4,0,0,0,46.8964998600847,11.5706503627506,5,.592242310101526,.167841692633927,-.0614499357830928,.130102762507359,.687990637606678
370,1,5,8,8,8,8,8,8,5,5,1,2,5,4,1,4,0,5,4,5,3,0,0,0,42.2198905392774,4.61590043597767,5,-2.32185297976661,-.209657249066612,-.203881218853731,-.60769003626293,1.4007030363751
371,5,6,10,10,10,10,10,10,1,6,4,3,3,5,2,5,71.1778824370662,3,5,4,5,0,1,0,47.3075446658408,6.01385764709252,5,.159039531452214,.780682267704987,1.28128823279666,.618136099651131,-.255299918418229
372,2,9,8,10,10,10,10,10,5,7,2,3,6,4,3,3,37.4045597468395,4,3,4,3,0,0,0,34.1204464643749,13.3259078494819,3,-1.01853770355073,.520538685734816,-.788785448575282,.867895561277648,1.19244074342823
373,5,6,10,9,10,10,9,9,4,7,5,4,5,4,3,4,70.9595983479612,5,3,5,4,0,1,0,47.2378114839739,11.8397733933522,5,.665198417820295,.780682267704987,-.0614499357830928,.379862224133876,1.20740489887591
374,5,7,9,8,9,9,7,7,5,4,4,2,6,5,3,5,54.8918422185716,3,3,5,4,0,0,0,50.989321328084,14.8665382058796,5,-.00711123933408087,.356114999330344,.641471998045072,-1.24872899388742,1.14063870180397
375,4,3,8,10,10,8,10,10,4,7,6,5,6,4,5,5,80.7942196710422,5,4,5,5,0,0,0,46.2584414082967,14.0111021324661,5,1.26615496022202,-.132341171932794,.831680560902745,.867895561277648,1.36298088303709
376,1,7,9,8,9,9,8,8,3,5,1,2,6,4,1,4,20.8916459300141,5,3,4,3,0,0,0,36.9917417086007,9.18144756780849,4,-2.08003611299857,.356114999330344,-.36967620274738,-.60769003626293,1.01366462779599
377,6,4,10,10,10,10,10,10,3,7,5,2,5,5,2,5,34.8260118482173,3,4,4,5,0,1,0,43.6590858952987,11.3666198516019,4,-.0268802828524941,.686545614356779,1.11549324890301,.867895561277648,.442448324902511
378,5,3,7,4,7,4,5,5,5,2,4,1,6,5,1,3,34.1570033345317,5,3,4,3,0,0,0,35.649390646999,9.4990884304309,2,-.734930358611846,-1.33113434389805,-.50497276057502,-2.91782227371959,1.40026090279438
379,3,5,9,8,9,9,9,9,5,6,3,2,6,5,1,5,53.341522243928,4,4,5,4,0,0,0,48.6217260543802,7.3387689689856,2,-.939340351215912,.261978345982135,.80726698193872,.033348921361561,1.34845886117013
380,3,5,10,10,8,10,10,10,4,7,2,4,5,5,1,4,15.9959293172749,4,4,6,4,0,0,0,54.6477431006871,10.8513766258952,5,-1.26713281516897,.562161210548856,.388157736110818,.867895561277648,1.15560285725166
381,3,7,9,9,9,9,8,9,5,6,6,5,6,4,1,4,86.0487102027026,5,5,6,4,0,0,0,41.0980676297476,7.04074869206761,5,.455121298022065,.356114999330344,.270140032004205,-.0526578221462153,1.71229713827818
382,4,6,10,10,10,10,10,10,4,7,4,2,3,5,1,5,57.0810331007154,4,3,4,3,0,1,0,47.0341011415461,4.77655602813402,4,-.513508939735435,.780682267704987,.333245731080785,.867895561277648,.5324146534455
383,5,6,10,10,10,10,10,10,4,7,5,5,5,4,2,4,66.3542462053566,5,4,3,4,0,1,0,37.2800912133973,8.85369255432424,5,.58953525685098,.780682267704987,.104345048110556,.867895561277648,.895368663392107
384,5,4,7,10,10,2,10,10,3,7,5,2,5,5,3,5,62.4227803141067,2,3,3,4,0,1,0,42.2948736461631,13.9385227102228,5,.270984283699645,-1.39735681912389,.641471998045072,.867895561277648,.0786100477944575
385,3,8,10,10,10,10,10,10,3,7,3,3,5,5,1,5,19.9063678806068,2,5,3,3,0,1,0,42.338998767717,10.1549137158639,5,-1.17864492894148,.874818921053196,.664835698868082,.867895561277648,.0786100477944575
386,2,2,10,10,10,10,10,10,3,7,1,1,3,5,1,5,55.5065886791603,2,3,3,2,0,1,0,34.7425956015783,8.15869270441538,5,-1.63545476228371,.59240896100857,.0250194641164976,.867895561277648,-.232541920527898
387,4,7,10,10,10,10,10,10,4,6,3,3,6,5,3,5,41.1639980049576,5,5,4,4,0,0,0,38.0642355224557,3.1352678977102,5,-.400854691520531,.827750594379091,.973061965832369,.618136099651131,1.20696276529519
388,6,6,10,10,10,10,8,8,3,7,6,5,6,4,3,4,69.1143298795325,5,4,3,4,0,1,0,28.4990803104901,4.00178730877066,5,1.17408809711597,.780682267704987,.104345048110556,.0853365692817005,.857646510054093
389,4,9,10,10,10,10,10,10,5,7,4,3,6,2,4,1,66.1770703430258,4,1,6,1,0,0,0,55.8594862179633,9.08159611379576,5,.249651356620199,.9218872477273,-3.14267181794748,.867895561277648,1.50447697891203
390,5,8,9,9,9,10,9,9,4,6,3,2,4,5,2,4,47.6928592969414,2,5,4,4,0,1,0,39.8614246375258,2.97929498720152,3,-.451422557703902,.58841827481594,.553952720004467,.130102762507359,.272350318874372
391,7,6,8,8,10,9,8,8,2,5,7,5,5,4,5,4,90.66939934878,1,3,5,4,0,1,0,56.0935197980094,20,5,2.14624747193738,.194098756901011,-.0614499357830928,-.60769003626293,-.0104720135870859
392,3,5,10,4,10,10,10,10,5,7,3,2,6,5,1,4,27.508133995656,4,3,4,3,0,0,0,37.6618859523074,11.248539248786,4,-1.2383569545571,.733613941030883,-.0858635147471176,.287372514402858,1.19244074342823
393,4,4,10,10,10,10,9,9,5,6,4,4,5,5,1,5,84.2874902767967,3,4,5,4,0,1,0,46.0273502456942,13.081528010061,5,.096802751092191,.686545614356779,.80726698193872,.226856603653158,.985062717642796
394,6,2,9,10,9,9,10,10,3,5,7,6,2,5,5,5,100,2,5,1,4,0,1,0,40.0296585764325,10.2074017818852,5,2.21032750908515,.120773365959822,.973061965832369,.368376638024615,-.700154140172877
395,4,2,10,9,7,9,10,10,5,7,4,3,4,5,2,5,34.484567768737,5,3,4,4,0,1,0,42.0966147532066,.1,3,-.457299619402765,.149994916474038,.641471998045072,.77114172013185,1.08910893447202
396,4,0,10,10,10,8,9,10,5,6,4,3,5,4,2,5,54.541665333548,4,3,5,4,0,1,0,49.2406436704127,7.60811645267377,5,-.225142492777546,.127802410037377,.35765931004481,.435375514997557,1.19288287700895
397,4,2,10,9,10,9,10,10,4,7,5,4,6,4,4,5,80.0348580238647,4,3,6,5,0,1,0,53.68947643162,9.00867567255775,5,.748680008592789,.407174012197078,.665885577009097,.77114172013185,1.31117884141283
398,5,8,9,9,9,9,9,9,3,6,5,4,6,5,4,5,68.3297678032696,3,5,5,4,0,1,0,54.3618095241282,15.1906097904759,3,.804816738536701,.403183326004448,.973061965832369,.130102762507359,.754042426805589
399,4,5,10,10,10,10,10,10,3,7,4,3,5,4,1,4,68.4599261966456,3,4,3,4,0,0,0,37.8917532123151,11.5589913063402,5,-.234099358696625,.733613941030883,.104345048110556,.867895561277648,.28643020716061
400,3,7,6,8,9,6,9,9,4,6,3,3,6,3,1,3,38.4831633281383,5,2,5,2,0,0,0,42.4145035060184,6.94792897719547,2,-.963622020513802,-.801612690092859,-1.54661938743348,.033348921361561,1.36298088303709
