hiv,factor,year,age,py,deaths
1,1,78,1,0.32,0
1,1,78,2,11.02,0
1,1,78,3,16.93,0
1,1,78,4,10.06,0
1,1,78,5,20.74,0
1,1,78,6,11.76,0
1,1,78,7,7.55,0
1,1,78,8,2.2,0
1,1,78,9,1,0
1,1,78,10,2.45,0
1,1,78,11,5.46,0
1,1,78,12,0.08,0
1,1,79,2,6.63,0
1,1,79,3,23.4,0
1,1,79,4,19.81,0
1,1,79,5,15.94,0
1,1,79,6,16.8,0
1,1,79,7,12.74,0
1,1,79,8,5.09,0
1,1,79,9,5.27,0
1,1,79,10,2.19,0
1,1,79,11,4.47,0
1,1,79,12,2.54,0
1,1,79,13,1.08,0
1,1,80,1,0.76,0
1,1,80,2,7.69,0
1,1,80,3,20.03,0
1,1,80,4,18.9,0
1,1,80,5,18.19,0
1,1,80,6,15.7,0
1,1,80,7,14.76,0
1,1,80,8,6.48,0
1,1,80,9,3.01,0
1,1,80,10,4.01,0
1,1,80,11,2,0
1,1,80,12,2,0
1,1,80,13,2,0
1,1,81,1,1,0
1,1,81,2,9.04,0
1,1,81,3,28.08,0
1,1,81,4,18.65,0
1,1,81,5,17.93,0
1,1,81,6,12.66,0
1,1,81,7,12.4,0
1,1,81,8,5.82,0
1,1,81,9,2.86,0
1,1,81,10,3.05,0
1,1,81,11,5.33,0
1,1,81,12,3.14,0
1,1,81,13,1.27,0
1,1,82,1,1.7,0
1,1,82,2,3.72,0
1,1,82,3,11.06,0
1,1,82,4,9.27,0
1,1,82,5,8.17,0
1,1,82,6,4.57,0
1,1,82,7,7.05,0
1,1,82,8,4.63,0
1,1,82,9,1.04,0
1,1,82,10,1.42,0
1,1,82,11,2.79,0
1,1,82,12,2.2,0
1,1,82,13,0.85,0
1,1,82,14,0.15,0
1,1,83,1,1,0
1,1,83,2,3,0
1,1,83,3,6.84,0
1,1,83,4,9.04,0
1,1,83,5,2.53,0
1,1,83,6,5,0
1,1,83,7,0.96,0
1,1,83,8,1.31,0
1,1,83,9,0.21,0
1,1,83,10,0.88,0
1,1,83,11,1,0
1,1,83,12,1,0
1,1,83,14,0.09,0
1,1,84,1,2,0
1,1,84,2,2.3,0
1,1,84,3,5.3,0
1,1,84,4,3.74,0
1,1,84,5,4.36,0
1,1,84,6,4.37,0
1,1,84,7,0.58,0
1,1,84,8,1,0
1,1,84,9,1,0
1,1,84,10,0.32,0
1,1,84,11,1,0
1,1,84,12,1.13,0
1,1,84,13,0.88,0
1,1,85,1,0.31,0
1,1,85,2,1,0
1,1,85,3,3.72,0
1,1,85,4,5.58,0
1,1,85,5,3.52,0
1,1,85,6,5.09,0
1,1,85,7,4.24,0
1,1,85,8,1.18,0
1,1,85,9,1.23,0
1,1,85,11,0.73,0
1,1,86,2,2.26,0
1,1,86,3,2.27,0
1,1,86,4,7.24,0
1,1,86,5,4.66,0
1,1,86,6,2.67,0
1,1,86,7,3.26,0
1,1,86,9,1.93,0
1,1,86,10,0.6,0
1,1,86,11,0.47,0
1,1,86,12,0.99,0
1,1,86,13,1,0
1,1,87,1,1.79,0
1,1,87,2,5.93,0
1,1,87,3,3.29,0
1,1,87,4,4.98,0
1,1,87,5,4,0
1,1,87,6,6.71,0
1,1,87,7,2.14,0
1,1,87,8,0.65,0
1,1,87,9,0.64,0
1,1,87,10,0.71,0
1,1,87,11,1,0
1,1,87,12,1,0
1,1,87,13,1,0
1,1,88,1,0.58,0
1,1,88,2,4.88,0
1,1,88,3,4.57,0
1,1,88,4,4.62,0
1,1,88,5,3.34,0
1,1,88,6,4.94,0
1,1,88,7,3.54,0
1,1,88,8,4.54,0
1,1,88,9,1.33,0
1,1,88,10,1.67,0
1,1,88,11,1,0
1,1,88,12,1,0
1,1,89,1,1.61,0
1,1,89,2,4.39,0
1,1,89,3,7.16,0
1,1,89,4,6.85,0
1,1,89,5,4.87,0
1,1,89,6,3.14,0
1,1,89,7,2.58,0
1,1,89,8,1.4,0
1,1,89,14,1,0
1,1,90,1,1.52,0
1,1,90,2,6.86,0
1,1,90,3,7.98,0
1,1,90,4,6.33,0
1,1,90,5,6.1,0
1,1,90,6,3.73,0
1,1,90,7,2.27,0
1,1,90,8,2.99,0
1,1,90,9,2,0
1,1,90,11,1,0
1,1,90,12,1,0
1,1,90,14,0.38,1
1,1,91,1,1.19,0
1,1,91,2,11.89,0
1,1,91,3,8.01,0
1,1,91,4,5.17,0
1,1,91,5,3.04,0
1,1,91,6,1.66,0
1,1,91,7,1.33,0
1,1,91,8,4.17,0
1,1,91,9,0.91,0
1,1,91,11,0.53,0
1,1,91,12,0.47,0
1,1,92,1,0.99,0
1,1,92,2,11.68,0
1,1,92,3,12.04,0
1,1,92,4,6.87,0
1,1,92,5,3.49,0
1,1,92,6,1.77,0
1,1,92,7,4.04,1
1,1,92,8,4.04,1
1,1,92,9,1.65,0
1,1,92,10,0.35,0
1,1,92,12,1,0
1,1,93,2,7.07,0
1,1,93,3,15.46,0
1,1,93,4,2.32,0
1,1,93,5,1.28,0
1,1,93,6,2,0
1,1,93,7,3.12,0
1,1,93,8,2.71,0
1,1,93,9,1.34,0
1,1,93,10,0.33,0
1,1,93,11,1.41,0
1,1,93,12,1,0
1,1,93,14,2,0
1,1,94,2,7.55,0
1,1,94,3,25.39,0
1,1,94,4,6.16,0
1,1,94,5,4.54,1
1,1,94,6,1.26,0
1,1,94,7,1.01,0
1,1,94,8,0.13,0
1,1,94,9,1,0
1,1,94,11,1,0
1,1,94,13,1,0
1,1,94,14,1.2,0
1,1,95,2,2.35,0
1,1,95,3,9.23,0
1,1,95,4,2.78,0
1,1,95,5,1.68,0
1,1,95,6,0.52,0
1,1,95,7,0.28,0
1,1,95,8,1.84,0
1,1,95,9,1.43,0
1,1,95,11,1.43,0
1,1,95,12,0.75,0
1,1,95,13,0.68,0
1,2,78,1,2.6,0
1,2,78,2,13.78,0
1,2,78,3,18.34,0
1,2,78,4,18.6,0
1,2,78,5,7.62,0
1,2,78,6,10.99,0
1,2,78,7,6.87,0
1,2,78,8,5.7,0
1,2,78,9,1.42,0
1,2,78,10,1,0
1,2,78,11,0.91,0
1,2,78,12,1.09,0
1,2,79,1,3.58,0
1,2,79,2,11.77,0
1,2,79,3,26.55,0
1,2,79,4,12.06,0
1,2,79,5,18.34,0
1,2,79,6,7.9,0
1,2,79,7,5.4,0
1,2,79,8,3,0
1,2,79,9,3,0
1,2,79,10,2.96,0
1,2,79,11,1,0
1,2,79,13,1,0
1,2,80,1,2.87,0
1,2,80,2,10,0
1,2,80,3,31.39,0
1,2,80,4,16.53,0
1,2,80,5,15.16,0
1,2,80,6,9.44,0
1,2,80,7,8.52,0
1,2,80,8,6.59,0
1,2,80,9,3.35,0
1,2,80,10,2.56,0
1,2,80,11,2.45,0
1,2,80,13,1,0
1,2,81,1,5.73,0
1,2,81,2,7.64,0
1,2,81,3,31.52,0
1,2,81,4,19.31,0
1,2,81,5,13.69,0
1,2,81,6,13.8,0
1,2,81,7,6.66,0
1,2,81,8,5.92,0
1,2,81,9,3.19,0
1,2,81,10,1.87,0
1,2,81,11,1.73,0
1,2,81,12,3,0
1,2,81,13,0.95,0
1,2,81,14,1,0
1,2,82,1,2.9,0
1,2,82,2,9.64,0
1,2,82,3,15.27,0
1,2,82,4,9.26,0
1,2,82,5,6.31,0
1,2,82,6,9.22,0
1,2,82,7,4.38,0
1,2,82,8,2.22,0
1,2,82,9,3.1,0
1,2,82,10,0.8,0
1,2,82,11,0.96,0
1,2,82,12,2.36,0
1,2,82,14,1,0
1,2,83,1,1.94,0
1,2,83,2,6.03,0
1,2,83,3,3.06,0
1,2,83,4,4.21,0
1,2,83,5,6.97,0
1,2,83,6,5.27,0
1,2,83,7,1.64,0
1,2,83,8,1,0
1,2,83,9,2,0
1,2,83,10,1,0
1,2,83,11,1,0
1,2,83,12,0.32,0
1,2,83,13,0.47,0
1,2,84,1,1,0
1,2,84,2,6.55,0
1,2,84,3,1.44,0
1,2,84,4,5.5,0
1,2,84,5,4.27,0
1,2,84,6,3.54,0
1,2,84,7,1.91,0
1,2,84,9,3.01,0
1,2,84,11,2.95,0
1,2,84,12,0.86,0
1,2,85,1,0.77,0
1,2,85,2,8.28,0
1,2,85,3,3.2,0
1,2,85,4,5.66,0
1,2,85,5,3.29,0
1,2,85,6,5.15,0
1,2,85,7,3.33,0
1,2,85,8,0.24,0
1,2,85,9,1.37,0
1,2,85,11,1,0
1,2,85,12,1,0
1,2,85,13,1,0
1,2,86,1,2,0
1,2,86,2,9.75,0
1,2,86,3,4.98,0
1,2,86,4,3.57,0
1,2,86,5,3.61,0
1,2,86,6,5.08,0
1,2,86,7,5,0
1,2,86,8,1,0
1,2,86,10,1,0
1,2,86,11,1,0
1,2,87,1,3.2,0
1,2,87,2,9.06,0
1,2,87,3,8.81,0
1,2,87,4,5,0
1,2,87,5,6,0
1,2,87,6,5.89,0
1,2,87,7,3.91,0
1,2,87,8,5.19,0
1,2,87,10,1,0
1,2,87,11,0.41,0
1,2,87,12,0.59,0
1,2,87,13,0.94,0
1,2,87,14,1,0
1,2,88,1,5.34,0
1,2,88,2,10.57,0
1,2,88,3,7.11,0
1,2,88,4,0.58,0
1,2,88,5,6.46,0
1,2,88,6,2.98,0
1,2,88,7,1.64,0
1,2,88,8,3.84,0
1,2,88,10,2,0
1,2,88,14,1,0
1,2,89,1,2.16,0
1,2,89,2,10.77,0
1,2,89,3,10.48,0
1,2,89,4,3.33,0
1,2,89,5,1.25,0
1,2,89,6,1,0
1,2,89,7,2.43,0
1,2,89,8,5.32,0
1,2,89,9,0.25,0
1,2,89,10,1,0
1,2,89,11,1,0
1,2,89,12,1,0
1,2,89,13,1,0
1,2,90,1,1,0
1,2,90,2,13,0
1,2,90,3,13.67,0
1,2,90,4,3.02,0
1,2,90,5,2.33,0
1,2,90,6,2.77,0
1,2,90,7,3.45,0
1,2,90,8,4.31,0
1,2,90,9,0.13,0
1,2,90,11,1,0
1,2,90,12,1,0
1,2,90,13,1,0
1,2,91,2,14.69,0
1,2,91,3,9.98,0
1,2,91,4,4.44,0
1,2,91,5,2.75,0
1,2,91,6,3.14,0
1,2,91,7,3.08,0
1,2,91,8,2.02,0
1,2,91,13,0.99,0
1,2,91,14,0,0
1,2,92,1,2.88,0
1,2,92,2,12.03,0
1,2,92,3,16.45,0
1,2,92,4,3.24,0
1,2,92,5,2.97,0
1,2,92,6,0.53,0
1,2,92,7,5.92,0
1,2,92,8,2.82,0
1,2,92,9,2.21,0
1,2,92,10,2,0
1,2,92,12,0.41,0
1,2,92,13,1.6,0
1,2,93,1,0.91,0
1,2,93,2,12.21,0
1,2,93,3,13.49,0
1,2,93,4,5.8,0
1,2,93,5,3.11,0
1,2,93,6,3,0
1,2,93,7,3.11,0
1,2,93,8,4.61,0
1,2,93,9,2,0
1,2,93,10,1,0
1,2,93,11,2,0
1,2,94,2,5.15,0
1,2,94,3,8.53,0
1,2,94,4,3.87,0
1,2,94,5,2.14,0
1,2,94,6,2.48,0
1,2,94,8,2.1,0
1,2,94,9,1.93,0
1,2,94,10,0.9,0
1,2,94,11,0.61,0
1,2,94,14,0.08,0
1,2,95,1,0.39,0
1,2,95,2,2.17,0
1,2,95,3,3.03,0
1,2,95,4,1.11,0
1,2,95,5,0.86,0
1,2,95,6,0.02,0
1,2,95,7,0.34,0
1,2,95,8,0.25,0
1,2,95,9,0.43,0
1,2,95,11,1.17,0
1,3,78,1,19.88,0
1,3,78,2,25.06,0
1,3,78,3,17.02,0
1,3,78,4,21.97,0
1,3,78,5,13.07,0
1,3,78,6,18,0
1,3,78,7,8.15,0
1,3,78,8,5.5,0
1,3,78,9,3,0
1,3,78,10,2,0
1,3,78,11,2.88,0
1,3,78,12,1.11,0
1,3,79,1,19.28,0
1,3,79,2,27.11,0
1,3,79,3,18.36,0
1,3,79,4,24.54,0
1,3,79,5,16.43,0
1,3,79,6,21.91,0
1,3,79,7,9.07,0
1,3,79,8,4.98,0
1,3,79,9,3.93,0
1,3,79,10,3,0
1,3,79,11,1.12,0
1,3,79,12,0.87,0
1,3,79,13,1,0
1,3,80,1,26.59,0
1,3,80,2,33.9,0
1,3,80,3,30.58,0
1,3,80,4,28.98,0
1,3,80,5,32.72,0
1,3,80,6,31.93,0
1,3,80,7,13.71,0
1,3,80,8,9.01,0
1,3,80,9,5.05,0
1,3,80,10,3.01,0
1,3,80,11,2,0
1,3,80,12,4.01,0
1,3,80,13,1,0
1,3,81,1,31.19,0
1,3,81,2,36.14,0
1,3,81,3,24.73,0
1,3,81,4,24.22,0
1,3,81,5,29.26,0
1,3,81,6,31.54,0
1,3,81,7,17.65,0
1,3,81,8,8.86,0
1,3,81,9,7.97,0
1,3,81,10,3.41,0
1,3,81,11,2,0
1,3,82,1,20.27,0
1,3,82,2,26.06,0
1,3,82,3,16.18,0
1,3,82,4,15.02,0
1,3,82,5,19.44,0
1,3,82,6,28.37,0
1,3,82,7,16.51,0
1,3,82,8,10.18,0
1,3,82,9,3.65,0
1,3,82,10,2.3,0
1,3,82,11,2.59,0
1,3,82,12,1.61,0
1,3,82,14,1,0
1,3,83,1,7.1,0
1,3,83,2,10.58,0
1,3,83,3,7.37,0
1,3,83,4,8.37,0
1,3,83,5,7.61,0
1,3,83,6,12.53,0
1,3,83,7,11.3,0
1,3,83,8,2.39,0
1,3,83,9,3.53,0
1,3,83,11,3.45,0
1,3,83,12,2,0
1,3,84,1,5.56,0
1,3,84,2,4.79,0
1,3,84,3,7.71,0
1,3,84,4,3.03,0
1,3,84,5,5.22,0
1,3,84,6,7.82,0
1,3,84,7,10.48,0
1,3,84,8,3.39,0
1,3,84,9,0.59,0
1,3,84,10,1.73,0
1,3,84,12,0.45,0
1,3,84,13,0.56,0
1,3,85,1,9.93,0
1,3,85,2,4.75,0
1,3,85,3,7.22,0
1,3,85,4,2.83,0
1,3,85,5,2,0
1,3,85,6,5.26,0
1,3,85,7,9.53,0
1,3,85,8,4.87,0
1,3,85,9,0.16,0
1,3,85,10,2.84,0
1,3,85,11,0.64,0
1,3,85,12,0.65,0
1,3,85,13,2,0
1,3,86,1,23.23,0
1,3,86,2,10.47,1
1,3,86,3,8.64,0
1,3,86,4,2.35,0
1,3,86,5,2.69,0
1,3,86,6,5.3,0
1,3,86,7,8.99,0
1,3,86,8,5,0
1,3,86,9,1,0
1,3,86,10,6,0
1,3,86,12,1,0
1,3,86,14,2,0
1,3,87,1,19.27,0
1,3,87,2,16.34,0
1,3,87,3,7.55,0
1,3,87,4,6.62,0
1,3,87,5,3,0
1,3,87,6,3.94,0
1,3,87,7,10.59,0
1,3,87,8,8.53,0
1,3,87,9,2.67,0
1,3,87,10,4.01,0
1,3,87,11,1.99,0
1,3,87,12,1,0
1,3,87,13,1,0
1,3,87,14,1,0
1,3,88,1,18.27,0
1,3,88,2,23.31,0
1,3,88,3,7.65,0
1,3,88,4,8.19,0
1,3,88,5,2,0
1,3,88,6,3.54,0
1,3,88,7,6.22,0
1,3,88,8,8.95,0
1,3,88,9,1.73,0
1,3,88,10,5.14,0
1,3,88,11,1.36,0
1,3,88,12,1,0
1,3,89,1,16.29,0
1,3,89,2,19.22,0
1,3,89,3,5.95,0
1,3,89,4,4.55,0
1,3,89,5,4.76,0
1,3,89,6,6.5,0
1,3,89,7,8.22,0
1,3,89,8,5.82,0
1,3,89,9,3.29,0
1,3,89,10,2,0
1,3,89,11,2,0
1,3,89,12,1,0
1,3,89,13,0.12,0
1,3,89,14,0.88,0
1,3,90,1,11.56,0
1,3,90,2,20.32,0
1,3,90,3,8.6,0
1,3,90,4,8.06,0
1,3,90,5,2.38,0
1,3,90,6,7.89,0
1,3,90,7,1,0
1,3,90,8,6,0
1,3,90,9,5.29,0
1,3,90,10,4.09,0
1,3,90,11,4.28,1
1,3,90,12,0.18,0
1,3,90,13,0.23,0
1,3,91,1,12.37,0
1,3,91,2,18.35,0
1,3,91,3,9.33,0
1,3,91,4,6.14,0
1,3,91,5,0.47,0
1,3,91,6,1.95,0
1,3,91,7,2.77,0
1,3,91,8,8.74,0
1,3,91,9,4.93,0
1,3,91,10,2.66,0
1,3,91,11,2.71,0
1,3,91,12,0.79,0
1,3,92,1,9.66,0
1,3,92,2,10.84,0
1,3,92,3,7.66,0
1,3,92,4,8.07,0
1,3,92,5,1.15,0
1,3,92,6,3.92,0
1,3,92,7,5.06,0
1,3,92,8,3.3,0
1,3,92,9,3.72,0
1,3,92,10,3.68,0
1,3,92,11,0.3,0
1,3,92,13,0.52,0
1,3,92,14,1.49,0
1,3,93,1,6.86,0
1,3,93,2,9.15,0
1,3,93,3,10.14,0
1,3,93,4,5.02,0
1,3,93,5,3.17,0
1,3,93,6,1.17,0
1,3,93,7,3.25,0
1,3,93,8,1.04,0
1,3,93,9,5.01,0
1,3,93,10,1.6,0
1,3,93,11,2,0
1,3,93,13,1,0
1,3,93,14,2,0
1,3,94,1,6.37,0
1,3,94,2,8.07,0
1,3,94,3,11.11,0
1,3,94,4,2.8,0
1,3,94,5,1.01,0
1,3,94,6,1.13,0
1,3,94,7,2,0
1,3,94,8,0.7,0
1,3,94,9,2.09,0
1,3,94,10,2.37,0
1,3,94,11,2.53,0
1,3,94,12,0.3,0
1,3,94,13,1,0
1,3,94,14,0.84,0
1,3,95,1,1.37,0
1,3,95,2,3.33,0
1,3,95,3,6.46,0
1,3,95,4,3.84,0
1,3,95,5,0.79,0
1,3,95,6,0.93,0
1,3,95,7,1.46,0
1,3,95,9,1.86,0
1,3,95,10,0.74,0
1,3,95,11,0.5,0
1,3,95,12,0.18,0
1,3,95,13,0.46,0
1,4,78,1,120.19,0
1,4,78,2,148.73,0
1,4,78,3,152.58,0
1,4,78,4,184.63,0
1,4,78,5,125.41,0
1,4,78,6,118.01,0
1,4,78,7,72.34,0
1,4,78,8,49.62,0
1,4,78,9,27.22,0
1,4,78,10,28.15,0
1,4,78,11,16.53,0
1,4,78,12,8.55,0
1,4,78,13,8.99,0
1,4,78,14,2.27,0
1,4,79,1,119.96,0
1,4,79,2,137.33,0
1,4,79,3,134.53,0
1,4,79,4,172.01,0
1,4,79,5,119.77,0
1,4,79,6,118.18,0
1,4,79,7,78.09,0
1,4,79,8,48.14,0
1,4,79,9,29.5,0
1,4,79,10,23.22,0
1,4,79,11,18.96,0
1,4,79,12,9.26,0
1,4,79,13,5.7,0
1,4,79,14,4.79,0
1,4,80,1,116.71,0
1,4,80,2,134.78,0
1,4,80,3,121.62,0
1,4,80,4,163.36,0
1,4,80,5,129.21,0
1,4,80,6,111.42,0
1,4,80,7,91.86,0
1,4,80,8,43.47,0
1,4,80,9,32.84,0
1,4,80,10,20,0
1,4,80,11,24.4,0
1,4,80,12,9.05,0
1,4,80,13,4.23,0
1,4,80,14,6.01,0
1,4,81,1,116.63,0
1,4,81,2,106.27,0
1,4,81,3,111.34,0
1,4,81,4,144.8,0
1,4,81,5,120.59,0
1,4,81,6,101.4,0
1,4,81,7,96.57,0
1,4,81,8,51.05,0
1,4,81,9,29.24,0
1,4,81,10,15.98,0
1,4,81,11,25.7,0
1,4,81,12,10.65,0
1,4,81,13,5.36,0
1,4,81,14,7.36,0
1,4,82,1,103.91,0
1,4,82,2,74.95,0
1,4,82,3,69.71,0
1,4,82,4,78.65,0
1,4,82,5,88.26,0
1,4,82,6,59.06,0
1,4,82,7,59.58,0
1,4,82,8,37.79,0
1,4,82,9,23.21,0
1,4,82,10,14.83,0
1,4,82,11,17.25,0
1,4,82,12,8.11,0
1,4,82,13,4.53,0
1,4,82,14,6.99,0
1,4,83,1,105.08,0
1,4,83,2,57.08,0
1,4,83,3,59.81,0
1,4,83,4,36.87,0
1,4,83,5,66.72,0
1,4,83,6,40.13,0
1,4,83,7,46,0
1,4,83,8,26.92,0
1,4,83,9,23.88,0
1,4,83,10,15.1,0
1,4,83,11,12.71,0
1,4,83,12,7.26,0
1,4,83,13,3.78,0
1,4,83,14,4.31,0
1,4,84,1,111.63,0
1,4,84,2,59.13,0
1,4,84,3,53.49,0
1,4,84,4,25.77,0
1,4,84,5,63.21,0
1,4,84,6,36.17,0
1,4,84,7,38.12,0
1,4,84,8,29.66,0
1,4,84,9,22.47,0
1,4,84,10,15.89,0
1,4,84,11,11.01,0
1,4,84,12,7.31,0
1,4,84,13,3.78,0
1,4,84,14,4.01,0
1,4,85,1,98.73,0
1,4,85,2,60.77,0
1,4,85,3,50.37,0
1,4,85,4,24.18,0
1,4,85,5,55.28,0
1,4,85,6,39.84,0
1,4,85,7,24.6,0
1,4,85,8,31.78,0
1,4,85,9,19.81,0
1,4,85,10,16.65,0
1,4,85,11,7.78,0
1,4,85,12,8.21,0
1,4,85,13,2.89,0
1,4,85,14,4.22,0
1,4,86,1,53.45,0
1,4,86,2,38.79,0
1,4,86,3,30.1,0
1,4,86,4,23.87,0
1,4,86,5,29.38,0
1,4,86,6,37.71,0
1,4,86,7,19.91,0
1,4,86,8,26.45,0
1,4,86,9,20.83,0
1,4,86,10,4.45,0
1,4,86,11,7.59,0
1,4,86,12,6.14,0
1,4,86,13,1.36,0
1,4,86,14,5.73,0
1,4,87,1,19.95,0
1,4,87,2,18.63,0
1,4,87,3,13.75,0
1,4,87,4,15.67,0
1,4,87,5,19.45,0
1,4,87,6,20.5,0
1,4,87,7,17.33,0
1,4,87,8,14.76,0
1,4,87,9,13.77,0
1,4,87,10,5.14,0
1,4,87,11,5,0
1,4,87,12,2.17,1
1,4,87,13,2.83,0
1,4,87,14,2,0
1,4,88,1,17,0
1,4,88,2,21.14,0
1,4,88,3,14.3,0
1,4,88,4,24.18,0
1,4,88,5,16.01,0
1,4,88,6,25.21,0
1,4,88,7,16.42,0
1,4,88,8,15.97,0
1,4,88,9,9.36,1
1,4,88,10,9.7,0
1,4,88,11,4.01,0
1,4,88,12,3.01,0
1,4,88,13,6.01,0
1,4,88,14,0.62,1
1,4,89,1,33.65,0
1,4,89,2,48.87,0
1,4,89,3,27.15,0
1,4,89,4,24.15,0
1,4,89,5,20.34,0
1,4,89,6,39.78,0
1,4,89,7,28.92,0
1,4,89,8,24.31,0
1,4,89,9,22.9,0
1,4,89,10,14.64,0
1,4,89,11,9.61,0
1,4,89,12,5.23,0
1,4,89,13,8.47,1
1,4,89,14,4.97,0
1,4,90,1,25.54,0
1,4,90,2,26.78,0
1,4,90,3,17.36,0
1,4,90,4,17.63,0
1,4,90,5,11.4,0
1,4,90,6,25.97,0
1,4,90,7,33.12,0
1,4,90,8,20.29,0
1,4,90,9,19.93,0
1,4,90,10,8.05,0
1,4,90,11,4,0
1,4,90,12,0.18,0
1,4,90,13,4,0
1,4,90,14,4.89,1
1,4,91,1,20.22,0
1,4,91,2,21.27,0
1,4,91,3,20.9,0
1,4,91,4,15.45,0
1,4,91,5,15.63,0
1,4,91,6,24.02,0
1,4,91,7,27.29,0
1,4,91,8,13.71,0
1,4,91,9,22.85,0
1,4,91,10,12.74,0
1,4,91,11,5.43,0
1,4,91,12,4.43,0
1,4,91,13,5.21,0
1,4,91,14,2.46,1
1,4,92,1,10.94,0
1,4,92,2,24.74,0
1,4,92,3,22.47,0
1,4,92,4,12.73,0
1,4,92,5,15.98,0
1,4,92,6,16.61,0
1,4,92,7,17.64,0
1,4,92,8,16.99,0
1,4,92,9,14.68,0
1,4,92,10,10.91,0
1,4,92,11,7.12,0
1,4,92,12,7.08,0
1,4,92,13,1.32,0
1,4,92,14,3.34,0
1,4,93,1,8.33,0
1,4,93,2,21.36,0
1,4,93,3,22.03,0
1,4,93,4,16.27,0
1,4,93,5,12.93,0
1,4,93,6,13.52,0
1,4,93,7,13.2,0
1,4,93,8,11.48,0
1,4,93,9,14.04,0
1,4,93,10,7.79,0
1,4,93,11,6.13,0
1,4,93,12,7.84,0
1,4,93,13,1,0
1,4,93,14,3,0
1,4,94,1,2,0
1,4,94,2,17.68,0
1,4,94,3,14.54,0
1,4,94,4,11.86,0
1,4,94,5,5.39,0
1,4,94,6,9.13,0
1,4,94,7,10.73,0
1,4,94,8,9.02,0
1,4,94,9,6.75,0
1,4,94,10,9.85,0
1,4,94,11,4.59,0
1,4,94,12,5.86,0
1,4,94,14,0.33,0
1,4,95,2,7.9,0
1,4,95,3,14.77,0
1,4,95,4,5.02,0
1,4,95,5,2.65,0
1,4,95,6,1.91,0
1,4,95,7,2.86,0
1,4,95,8,4.64,0
1,4,95,9,0.98,0
1,4,95,10,5.23,0
1,4,95,11,3.39,0
1,4,95,12,0.6,0
1,5,78,1,41.61,0
1,5,78,2,55.11,0
1,5,78,3,54.78,0
1,5,78,4,55.22,0
1,5,78,5,67.07,0
1,5,78,6,40.68,0
1,5,78,7,29.56,0
1,5,78,8,12.13,0
1,5,78,9,13.97,0
1,5,78,10,7.09,0
1,5,78,11,15.94,0
1,5,78,12,3.02,0
1,5,78,13,1,0
1,5,79,1,43.12,0
1,5,79,2,54.54,0
1,5,79,3,52.81,0
1,5,79,4,58.73,0
1,5,79,5,63.18,0
1,5,79,6,40.8,0
1,5,79,7,35.03,0
1,5,79,8,16.43,0
1,5,79,9,11.49,0
1,5,79,10,5.86,0
1,5,79,11,13.68,0
1,5,79,12,8.89,0
1,5,79,13,0.28,0
1,5,80,1,38.03,0
1,5,80,2,39.78,0
1,5,80,3,42.96,0
1,5,80,4,48.06,0
1,5,80,5,39.57,0
1,5,80,6,36.82,0
1,5,80,7,31.39,0
1,5,80,8,17.85,0
1,5,80,9,11.12,0
1,5,80,10,6.75,0
1,5,80,11,9.09,0
1,5,80,12,8.77,0
1,5,80,13,1.5,0
1,5,80,14,0.84,0
1,5,81,1,32.41,0
1,5,81,2,34.4,0
1,5,81,3,40.51,0
1,5,81,4,49.38,0
1,5,81,5,37.31,0
1,5,81,6,45.38,0
1,5,81,7,33.05,0
1,5,81,8,23.39,0
1,5,81,9,11.24,0
1,5,81,10,6.4,0
1,5,81,11,6.03,0
1,5,81,12,10.59,0
1,5,81,13,3.02,0
1,5,81,14,0.29,0
1,5,82,1,34.49,0
1,5,82,2,26.38,0
1,5,82,3,38.08,0
1,5,82,4,43.78,0
1,5,82,5,35.73,0
1,5,82,6,43.7,0
1,5,82,7,29.15,0
1,5,82,8,19.77,0
1,5,82,9,12.98,0
1,5,82,10,8.34,0
1,5,82,11,3.67,0
1,5,82,12,10.32,0
1,5,82,13,3,0
1,5,83,1,26.36,0
1,5,83,2,21.27,0
1,5,83,3,31.5,0
1,5,83,4,30.32,0
1,5,83,5,36.23,0
1,5,83,6,39.33,0
1,5,83,7,30.83,0
1,5,83,8,19.37,0
1,5,83,9,8.93,0
1,5,83,10,12.19,0
1,5,83,11,2.58,0
1,5,83,12,11.44,0
1,5,83,13,3.11,0
1,5,83,14,2,0
1,5,84,1,19.58,0
1,5,84,2,19.24,0
1,5,84,3,22.87,0
1,5,84,4,19.93,0
1,5,84,5,24.25,0
1,5,84,6,27.96,0
1,5,84,7,25.12,0
1,5,84,8,19.74,0
1,5,84,9,8.13,0
1,5,84,10,9.62,0
1,5,84,11,2.74,0
1,5,84,12,8.34,0
1,5,84,13,5.41,0
1,5,84,14,2.11,0
1,5,85,1,20.6,0
1,5,85,2,17.29,0
1,5,85,3,21.43,0
1,5,85,4,15.2,0
1,5,85,5,23.93,0
1,5,85,6,20.18,0
1,5,85,7,25.59,0
1,5,85,8,21.94,0
1,5,85,9,12.43,0
1,5,85,10,8.38,0
1,5,85,11,5.49,0
1,5,85,12,6.57,0
1,5,85,13,5.13,0
1,5,85,14,2.34,0
1,5,86,1,43.78,0
1,5,86,2,37.2,0
1,5,86,3,29.69,0
1,5,86,4,22.6,0
1,5,86,5,34.95,0
1,5,86,6,23.8,0
1,5,86,7,30.01,0
1,5,86,8,27.79,0
1,5,86,9,17.17,0
1,5,86,10,13.61,1
1,5,86,11,5.75,0
1,5,86,12,8.08,0
1,5,86,13,7.55,1
1,5,86,14,2,0
1,5,87,1,64.63,0
1,5,87,2,52.12,0
1,5,87,3,38.5,0
1,5,87,4,32.27,0
1,5,87,5,34.17,0
1,5,87,6,41.69,0
1,5,87,7,32.2,0
1,5,87,8,32.9,0
1,5,87,9,23.64,0
1,5,87,10,16.17,0
1,5,87,11,10.23,0
1,5,87,12,6.88,1
1,5,87,13,8.76,0
1,5,87,14,6,0
1,5,88,1,47.89,0
1,5,88,2,51.85,0
1,5,88,3,36.6,0
1,5,88,4,27.53,0
1,5,88,5,23.25,0
1,5,88,6,41.45,0
1,5,88,7,38.22,1
1,5,88,8,32.36,0
1,5,88,9,22.79,0
1,5,88,10,12.08,0
1,5,88,11,14.58,1
1,5,88,12,5.24,0
1,5,88,13,8.82,0
1,5,88,14,7.62,1
1,5,89,1,17.49,0
1,5,89,2,33.75,0
1,5,89,3,23.31,0
1,5,89,4,21.62,0
1,5,89,5,8.99,0
1,5,89,6,24.72,0
1,5,89,7,16.15,0
1,5,89,8,18.9,1
1,5,89,9,16.44,0
1,5,89,10,10.69,0
1,5,89,11,7,0
1,5,89,12,2.99,0
1,5,89,13,3.01,0
1,5,89,14,4,0
1,5,90,1,14.94,0
1,5,90,2,44.49,0
1,5,90,3,28.36,0
1,5,90,4,23.99,0
1,5,90,5,14.59,0
1,5,90,6,17.97,0
1,5,90,7,13.52,0
1,5,90,8,14.08,0
1,5,90,9,16.87,0
1,5,90,10,14.17,0
1,5,90,11,8.19,0
1,5,90,12,7.08,0
1,5,90,13,5.56,1
1,5,90,14,3.82,1
1,5,91,1,8.71,0
1,5,91,2,33.45,0
1,5,91,3,27.08,0
1,5,91,4,18.36,0
1,5,91,5,12.61,0
1,5,91,6,11.7,0
1,5,91,7,14.11,0
1,5,91,8,12.29,0
1,5,91,9,12.56,0
1,5,91,10,11.23,0
1,5,91,11,6.1,0
1,5,91,12,3.47,0
1,5,91,13,4.01,0
1,5,91,14,6,0
1,5,92,1,9.79,0
1,5,92,2,25.83,0
1,5,92,3,19.4,0
1,5,92,4,13.47,0
1,5,92,5,11.72,0
1,5,92,6,8.68,0
1,5,92,7,13.89,0
1,5,92,8,10.29,0
1,5,92,9,15.97,0
1,5,92,10,10.35,1
1,5,92,11,6.32,0
1,5,92,12,4.06,0
1,5,92,13,3.47,0
1,5,92,14,7.01,0
1,5,93,1,6.92,0
1,5,93,2,19.72,0
1,5,93,3,22.48,0
1,5,93,4,12.97,0
1,5,93,5,13.64,0
1,5,93,6,6.04,0
1,5,93,7,14.66,0
1,5,93,8,12.54,0
1,5,93,9,11.22,0
1,5,93,10,11.38,0
1,5,93,11,5.41,0
1,5,93,12,6.26,0
1,5,93,13,3.73,0
1,5,93,14,5.26,0
1,5,94,1,4.26,0
1,5,94,2,14.74,0
1,5,94,3,23.19,0
1,5,94,4,12.3,0
1,5,94,5,13.07,0
1,5,94,6,8.05,1
1,5,94,7,9.37,0
1,5,94,8,10.71,0
1,5,94,9,8.94,1
1,5,94,10,7.68,0
1,5,94,11,5.08,0
1,5,94,12,6.61,0
1,5,94,13,3.05,0
1,5,94,14,5.41,0
1,5,95,1,0.97,0
1,5,95,2,2.9,0
1,5,95,3,6.39,0
1,5,95,4,5.37,0
1,5,95,5,3.02,0
1,5,95,6,4.04,0
1,5,95,7,4.71,0
1,5,95,8,3.73,0
1,5,95,9,2.29,0
1,5,95,10,4.15,1
1,5,95,11,2.02,1
1,5,95,12,0.79,0
1,5,95,13,2.19,0
1,5,95,14,2.26,0
2,1,78,4,0.19,0
2,1,78,6,0.17,0
2,1,79,2,1.46,0
2,1,79,3,1.79,0
2,1,79,4,2.84,0
2,1,79,5,2.07,0
2,1,79,6,2.26,0
2,1,79,7,0.19,0
2,1,79,9,0.45,0
2,1,79,11,0.91,0
2,1,80,2,2,0
2,1,80,3,3.35,0
2,1,80,4,6.27,0
2,1,80,5,3.94,0
2,1,80,6,5.64,0
2,1,80,7,2,0
2,1,80,9,1,0
2,1,80,10,1,0
2,1,80,11,2,0
2,1,81,2,2.89,0
2,1,81,3,7.88,0
2,1,81,4,8.03,0
2,1,81,5,11.7,0
2,1,81,6,10,0
2,1,81,7,4.64,0
2,1,81,8,0.5,0
2,1,81,9,1.49,0
2,1,81,10,0.67,0
2,1,81,11,2.06,0
2,1,81,12,1.05,0
2,1,81,13,0.73,0
2,1,82,1,0.31,0
2,1,82,2,5.54,0
2,1,82,3,19.78,0
2,1,82,4,27.25,0
2,1,82,5,24.99,0
2,1,82,6,17.08,0
2,1,82,7,13.99,0
2,1,82,8,6.17,0
2,1,82,9,5.07,0
2,1,82,10,2.93,0
2,1,82,11,3.13,0
2,1,82,12,3.98,0
2,1,82,13,1.05,0
2,1,83,1,1,0
2,1,83,2,7.11,0
2,1,83,3,20.71,0
2,1,83,4,37.83,0
2,1,83,5,28.35,0
2,1,83,6,19.62,0
2,1,83,7,18.07,0
2,1,83,8,9.85,0
2,1,83,9,7.66,0
2,1,83,10,3.91,0
2,1,83,11,3.45,0
2,1,83,12,4.81,1
2,1,83,13,1.08,0
2,1,83,14,0.91,0
2,1,84,1,1,0
2,1,84,2,12.26,0
2,1,84,3,23.71,1
2,1,84,4,53.78,0
2,1,84,5,30.06,0
2,1,84,6,23.2,0
2,1,84,7,17.43,1
2,1,84,8,11.07,0
2,1,84,9,9.11,0
2,1,84,10,6.41,0
2,1,84,11,4.21,0
2,1,84,12,2,0
2,1,84,13,1,0
2,1,84,14,1,0
2,1,85,1,0.63,0
2,1,85,2,12.15,1
2,1,85,3,25.94,0
2,1,85,4,51.81,0
2,1,85,5,34.95,0
2,1,85,6,32.37,2
2,1,85,7,23.8,0
2,1,85,8,15.22,1
2,1,85,9,9.64,0
2,1,85,10,3.54,0
2,1,85,11,3.18,1
2,1,85,12,1.11,1
2,1,85,13,1,0
2,1,85,14,1,0
2,1,86,2,6.75,0
2,1,86,3,26.81,0
2,1,86,4,58.69,0
2,1,86,5,43.82,0
2,1,86,6,32.85,0
2,1,86,7,28.63,1
2,1,86,8,22.8,1
2,1,86,9,9.7,0
2,1,86,10,6.4,1
2,1,86,11,5.29,0
2,1,86,12,3.34,1
2,1,86,13,3.64,1
2,1,86,14,2,0
2,1,87,2,10.39,0
2,1,87,3,29.14,0
2,1,87,4,56.75,2
2,1,87,5,70.55,0
2,1,87,6,41.25,1
2,1,87,7,37.25,0
2,1,87,8,36.19,3
2,1,87,9,14.6,0
2,1,87,10,5.81,0
2,1,87,11,5.49,0
2,1,87,12,3.95,0
2,1,87,13,1.84,1
2,1,87,14,3.9,1
2,1,88,2,4.11,0
2,1,88,3,26.45,0
2,1,88,4,35.3,0
2,1,88,5,55.31,1
2,1,88,6,34.58,0
2,1,88,7,30.4,2
2,1,88,8,38.08,2
2,1,88,9,12.77,1
2,1,88,10,7.46,0
2,1,88,11,3.75,0
2,1,88,12,5,1
2,1,88,13,2.11,0
2,1,88,14,2,0
2,1,89,2,3,0
2,1,89,3,10.89,0
2,1,89,4,24.14,1
2,1,89,5,30.53,1
2,1,89,6,34.16,2
2,1,89,7,25.21,3
2,1,89,8,32.11,1
2,1,89,9,14.51,3
2,1,89,10,5.22,1
2,1,89,11,4.8,0
2,1,89,12,1.71,0
2,1,89,13,1.11,1
2,1,89,14,1.28,2
2,1,90,2,1,0
2,1,90,3,11.03,0
2,1,90,4,27.99,0
2,1,90,5,30.51,1
2,1,90,6,32.98,1
2,1,90,7,26.54,2
2,1,90,8,20.77,4
2,1,90,9,18.68,2
2,1,90,10,6.56,3
2,1,90,11,2.13,2
2,1,90,12,3.07,1
2,1,90,13,2,0
2,1,91,3,13.99,0
2,1,91,4,23.77,1
2,1,91,5,30.14,1
2,1,91,6,33.74,2
2,1,91,7,28.51,2
2,1,91,8,18.92,3
2,1,91,9,18.54,3
2,1,91,10,6.27,0
2,1,91,12,1.48,0
2,1,91,13,2.25,0
2,1,91,14,0.04,0
2,1,92,3,6.76,0
2,1,92,4,15.79,0
2,1,92,5,27.73,0
2,1,92,6,27.25,1
2,1,92,7,18.06,1
2,1,92,8,21.08,5
2,1,92,9,14.68,1
2,1,92,10,11.12,1
2,1,92,11,6.51,0
2,1,92,12,1.79,1
2,1,92,13,0.52,0
2,1,92,14,0.48,0
2,1,93,3,6.16,0
2,1,93,4,14.89,2
2,1,93,5,15.96,1
2,1,93,6,25.83,3
2,1,93,7,23.43,5
2,1,93,8,17.48,4
2,1,93,9,15.79,3
2,1,93,10,9.31,2
2,1,93,11,5.98,2
2,1,93,12,1,0
2,1,93,13,1.16,1
2,1,94,3,5.82,0
2,1,94,4,14.7,3
2,1,94,5,9.78,2
2,1,94,6,18.72,2
2,1,94,7,16.62,3
2,1,94,8,10.05,4
2,1,94,9,17.82,4
2,1,94,10,10.06,0
2,1,94,11,5.7,3
2,1,94,12,1.54,0
2,1,94,13,0.71,0
2,1,94,14,0.59,0
2,1,95,3,2.71,1
2,1,95,4,4.83,1
2,1,95,5,6.49,0
2,1,95,6,13.22,3
2,1,95,7,11.65,1
2,1,95,8,3.51,0
2,1,95,9,7.63,1
2,1,95,10,2.95,0
2,1,95,11,0.74,0
2,1,95,12,1.26,2
2,1,95,13,0.26,0
2,1,95,14,1,0
2,2,78,2,0.02,0
2,2,79,2,0.05,0
2,2,79,5,1.28,0
2,2,79,10,0.04,0
2,2,80,2,0.37,0
2,2,80,3,1.86,0
2,2,80,5,1.3,0
2,2,80,6,1.64,0
2,2,80,7,0.21,0
2,2,81,2,1.88,0
2,2,81,3,5.28,0
2,2,81,4,5.8,0
2,2,81,5,3.16,0
2,2,81,6,1.66,0
2,2,81,7,0.44,0
2,2,81,8,0.18,0
2,2,81,9,0.07,0
2,2,81,10,1,0
2,2,81,11,0.4,0
2,2,81,13,0.05,0
2,2,82,1,2.36,0
2,2,82,2,8.65,0
2,2,82,3,19.03,0
2,2,82,4,14.53,0
2,2,82,5,17.91,0
2,2,82,6,7.35,0
2,2,82,7,5.01,0
2,2,82,8,3.17,0
2,2,82,9,1.61,0
2,2,82,10,0.22,0
2,2,82,11,2.97,0
2,2,82,12,1.68,0
2,2,83,1,4.01,0
2,2,83,2,14.41,0
2,2,83,3,27.86,0
2,2,83,4,24.88,0
2,2,83,5,25.68,0
2,2,83,6,13.7,0
2,2,83,7,10.22,0
2,2,83,8,5.87,0
2,2,83,9,4.12,0
2,2,83,11,3,0
2,2,83,12,2.56,0
2,2,83,13,0.64,0
2,2,84,1,1.28,0
2,2,84,2,11.48,0
2,2,84,3,16.94,0
2,2,84,4,31.37,0
2,2,84,5,24.33,0
2,2,84,6,17.64,0
2,2,84,7,13.41,1
2,2,84,8,5.05,0
2,2,84,9,3.34,0
2,2,84,10,3.01,0
2,2,84,11,3.2,0
2,2,84,12,1.66,0
2,2,84,13,1.26,0
2,2,84,14,0.08,0
2,2,85,1,1.45,0
2,2,85,2,17.12,0
2,2,85,3,23.85,0
2,2,85,4,41.96,1
2,2,85,5,28.26,0
2,2,85,6,22.36,0
2,2,85,7,17.57,0
2,2,85,8,12.29,0
2,2,85,9,9.34,1
2,2,85,10,4.33,1
2,2,85,11,5,0
2,2,85,12,2,0
2,2,85,13,2,0
2,2,85,14,1,0
2,2,86,1,1.59,0
2,2,86,2,10.95,0
2,2,86,3,25.26,0
2,2,86,4,43.39,1
2,2,86,5,26.72,1
2,2,86,6,30.97,0
2,2,86,7,21.89,1
2,2,86,8,16.07,0
2,2,86,9,9.33,0
2,2,86,10,5.89,0
2,2,86,11,2.27,0
2,2,86,12,2.59,0
2,2,86,13,3,0
2,2,87,2,10.72,0
2,2,87,3,23.64,0
2,2,87,4,43.25,0
2,2,87,5,30.37,0
2,2,87,6,39.39,3
2,2,87,7,15.53,2
2,2,87,8,18.36,1
2,2,87,9,9.51,1
2,2,87,10,7.41,3
2,2,87,11,2.91,1
2,2,87,12,6.72,0
2,2,87,13,2.27,0
2,2,87,14,1,0
2,2,88,2,11.84,0
2,2,88,3,25.76,0
2,2,88,4,29.62,1
2,2,88,5,38.77,0
2,2,88,6,31.84,0
2,2,88,7,17.26,0
2,2,88,8,12.82,1
2,2,88,9,11.99,0
2,2,88,10,9.24,0
2,2,88,11,3.79,0
2,2,88,12,4.48,1
2,2,88,13,2.64,0
2,2,88,14,0.79,1
2,2,89,2,4.89,0
2,2,89,3,16.68,0
2,2,89,4,12.94,2
2,2,89,5,25.57,0
2,2,89,6,21.58,3
2,2,89,7,9.6,0
2,2,89,8,16.01,1
2,2,89,9,9.74,0
2,2,89,10,4.63,0
2,2,89,11,4.37,0
2,2,89,12,4.41,1
2,2,89,13,1.82,1
2,2,89,14,1,0
2,2,90,2,3.86,0
2,2,90,3,14.79,0
2,2,90,4,20.64,1
2,2,90,5,24.35,0
2,2,90,6,16.16,0
2,2,90,7,16.72,0
2,2,90,8,15.86,1
2,2,90,9,9.38,0
2,2,90,10,4.47,0
2,2,90,11,5.58,1
2,2,90,12,0.73,0
2,2,90,13,2.22,1
2,2,90,14,1,0
2,2,91,2,1.74,0
2,2,91,3,11.63,0
2,2,91,4,17.07,0
2,2,91,5,25.78,2
2,2,91,6,12.85,0
2,2,91,7,17.45,1
2,2,91,8,13.77,0
2,2,91,9,12.53,1
2,2,91,10,6.28,0
2,2,91,11,4.97,0
2,2,91,12,1.05,1
2,2,91,13,1,1
2,2,91,14,1,0
2,2,92,2,1,0
2,2,92,3,5.16,0
2,2,92,4,15.56,1
2,2,92,5,20.85,1
2,2,92,6,14.94,0
2,2,92,7,14.85,2
2,2,92,8,5.3,0
2,2,92,9,8.93,0
2,2,92,10,1.65,0
2,2,92,11,2.07,0
2,2,92,12,1.74,0
2,2,92,13,2,0
2,2,92,14,3.01,0
2,2,93,2,0.48,1
2,2,93,3,8.19,1
2,2,93,4,11.24,2
2,2,93,5,12.9,1
2,2,93,6,14.99,1
2,2,93,7,12.46,0
2,2,93,8,9.34,0
2,2,93,9,4.72,0
2,2,93,10,6.09,1
2,2,93,11,2,0
2,2,93,12,0.26,1
2,2,93,13,1,0
2,2,93,14,1,0
2,2,94,3,3.54,0
2,2,94,4,4.79,0
2,2,94,5,14.72,0
2,2,94,6,14.6,2
2,2,94,7,12.4,2
2,2,94,8,8.36,1
2,2,94,9,3,0
2,2,94,10,5.51,2
2,2,94,11,0.74,2
2,2,94,12,1,0
2,2,94,13,1,0
2,2,94,14,0.43,1
2,2,95,3,0.31,0
2,2,95,4,3.01,0
2,2,95,5,5.44,1
2,2,95,6,6.35,0
2,2,95,7,11.57,0
2,2,95,8,7.94,0
2,2,95,9,2.78,0
2,2,95,10,4.95,1
2,2,95,11,1.74,0
2,2,95,13,0.53,0
2,2,95,14,0.4,0
2,3,79,6,1.08,0
2,3,80,1,0.11,0
2,3,80,3,0.05,0
2,3,80,4,0.61,0
2,3,80,5,0.29,0
2,3,80,6,1.74,0
2,3,80,9,0.09,0
2,3,81,1,1.52,0
2,3,81,2,1.19,0
2,3,81,3,0.07,0
2,3,81,4,2.21,0
2,3,81,5,2.54,0
2,3,81,6,2.06,0
2,3,81,7,1.71,0
2,3,81,9,1,0
2,3,81,10,0.59,0
2,3,82,1,6.05,0
2,3,82,2,9.06,0
2,3,82,3,13.2,0
2,3,82,4,14.53,0
2,3,82,5,10.75,0
2,3,82,6,9.86,0
2,3,82,7,10.64,0
2,3,82,8,3.74,0
2,3,82,9,3.32,0
2,3,82,10,2.51,0
2,3,82,11,1.56,0
2,3,82,12,0.17,0
2,3,83,1,11.33,0
2,3,83,2,17.76,0
2,3,83,3,23.68,0
2,3,83,4,16.66,0
2,3,83,5,18.24,0
2,3,83,6,24.34,0
2,3,83,7,16.82,0
2,3,83,8,10.49,0
2,3,83,9,4.1,0
2,3,83,10,3.7,0
2,3,83,11,2.06,0
2,3,83,12,1.41,0
2,3,84,1,10.75,0
2,3,84,2,20.14,0
2,3,84,3,26.66,0
2,3,84,4,16.11,0
2,3,84,5,28.14,0
2,3,84,6,29.26,0
2,3,84,7,19.13,0
2,3,84,8,13.41,0
2,3,84,9,5.05,0
2,3,84,10,2.51,0
2,3,84,11,3.01,0
2,3,84,12,1.86,1
2,3,84,13,2.45,0
2,3,85,1,7.27,0
2,3,85,2,12.47,0
2,3,85,3,16.73,0
2,3,85,4,11.94,0
2,3,85,5,21.63,1
2,3,85,6,19.52,0
2,3,85,7,16.79,0
2,3,85,8,11.26,0
2,3,85,9,5.79,0
2,3,85,10,6,0
2,3,85,11,1,0
2,3,85,12,2.71,0
2,3,85,13,2,0
2,3,86,1,3.3,0
2,3,86,2,23.26,0
2,3,86,3,22.85,0
2,3,86,4,25.94,2
2,3,86,5,35.53,0
2,3,86,6,28.25,0
2,3,86,7,22.52,0
2,3,86,8,20.39,1
2,3,86,9,9.85,0
2,3,86,10,5.99,0
2,3,86,11,2.99,0
2,3,86,12,3.01,0
2,3,86,13,3,0
2,3,86,14,2,0
2,3,87,1,2.81,0
2,3,87,2,28.95,0
2,3,87,3,18.53,0
2,3,87,4,24.06,0
2,3,87,5,33.29,0
2,3,87,6,30.76,0
2,3,87,7,32.11,0
2,3,87,8,20.08,1
2,3,87,9,21.37,0
2,3,87,10,4.91,0
2,3,87,11,2.35,0
2,3,87,12,7.01,0
2,3,87,13,2.54,2
2,3,87,14,3,0
2,3,88,1,3.01,0
2,3,88,2,19.21,0
2,3,88,3,17.89,0
2,3,88,4,31.5,0
2,3,88,5,24.16,0
2,3,88,6,35.23,1
2,3,88,7,27.4,1
2,3,88,8,26.3,1
2,3,88,9,18,1
2,3,88,10,5.53,0
2,3,88,11,6.58,0
2,3,88,12,6.03,0
2,3,88,13,2.41,0
2,3,88,14,2.12,1
2,3,89,1,0.09,0
2,3,89,2,9,0
2,3,89,3,9.87,0
2,3,89,4,17.59,1
2,3,89,5,18.99,1
2,3,89,6,17.66,0
2,3,89,7,17.75,3
2,3,89,8,12.95,1
2,3,89,9,11.9,1
2,3,89,10,4.14,2
2,3,89,11,5.19,0
2,3,89,12,3.19,1
2,3,89,13,1.61,1
2,3,89,14,1.19,1
2,3,90,1,0.67,0
2,3,90,2,4.78,0
2,3,90,3,14.91,1
2,3,90,4,22.36,2
2,3,90,5,22.59,2
2,3,90,6,29.03,1
2,3,90,7,24.82,1
2,3,90,8,22.17,3
2,3,90,9,12.88,3
2,3,90,10,6,0
2,3,90,11,6,0
2,3,90,12,6.41,1
2,3,90,13,2.57,0
2,3,90,14,2.5,0
2,3,91,2,7.47,0
2,3,91,3,14.64,0
2,3,91,4,14.83,0
2,3,91,5,18.57,1
2,3,91,6,21.28,1
2,3,91,7,16.14,2
2,3,91,8,17.86,0
2,3,91,9,13.93,1
2,3,91,10,3.33,0
2,3,91,11,3.26,1
2,3,91,12,4.09,1
2,3,91,13,3.11,1
2,3,91,14,3,0
2,3,92,2,2.31,0
2,3,92,3,12.99,1
2,3,92,4,17.42,2
2,3,92,5,19.81,1
2,3,92,6,23.04,0
2,3,92,7,19.38,1
2,3,92,8,22.22,1
2,3,92,9,12.01,0
2,3,92,10,8.73,0
2,3,92,11,4,1
2,3,92,13,1.22,0
2,3,92,14,0.78,0
2,3,93,2,0.88,0
2,3,93,3,8.24,0
2,3,93,4,8.61,1
2,3,93,5,15.09,3
2,3,93,6,17.87,1
2,3,93,7,16.98,1
2,3,93,8,20.1,1
2,3,93,9,10.52,2
2,3,93,10,9.73,1
2,3,93,11,5.41,2
2,3,93,12,2.49,0
2,3,93,13,1.5,0
2,3,93,14,2,0
2,3,94,2,1,0
2,3,94,3,6.45,2
2,3,94,4,5.41,0
2,3,94,5,13.27,1
2,3,94,6,12.31,1
2,3,94,7,13.58,0
2,3,94,8,13.06,1
2,3,94,9,12.97,1
2,3,94,10,4.72,0
2,3,94,11,2.22,0
2,3,94,12,1.69,0
2,3,94,13,1.86,0
2,3,94,14,2.79,0
2,3,95,3,1,0
2,3,95,4,4.32,1
2,3,95,5,5.03,1
2,3,95,6,2.7,0
2,3,95,7,4.53,1
2,3,95,8,2.09,1
2,3,95,9,3.55,0
2,3,95,10,3.24,3
2,4,78,2,0.84,0
2,4,78,4,0.01,0
2,4,78,5,0.69,0
2,4,78,7,0.1,0
2,4,78,10,0.72,0
2,4,79,2,0.83,0
2,4,79,3,3.47,0
2,4,79,4,4.68,0
2,4,79,5,2.33,0
2,4,79,6,1.67,0
2,4,79,7,1.94,0
2,4,79,8,0.23,0
2,4,79,9,0.08,0
2,4,79,10,1,0
2,4,80,2,0.91,0
2,4,80,3,6.53,0
2,4,80,4,7.89,0
2,4,80,5,6.92,0
2,4,80,6,1.9,0
2,4,80,7,5.05,0
2,4,80,8,2.09,0
2,4,80,9,1,0
2,4,80,10,1,0
2,4,80,11,0.25,0
2,4,81,1,0.39,0
2,4,81,2,1.28,0
2,4,81,3,12.92,0
2,4,81,4,16.94,0
2,4,81,5,14.52,0
2,4,81,6,6.48,0
2,4,81,7,7.85,0
2,4,81,8,5.71,0
2,4,81,9,1.72,0
2,4,81,10,1.01,0
2,4,81,11,1.47,0
2,4,81,12,1.13,0
2,4,82,1,11.31,0
2,4,82,2,26.24,0
2,4,82,3,51.77,0
2,4,82,4,60.83,0
2,4,82,5,55.24,0
2,4,82,6,49.48,0
2,4,82,7,37.3,0
2,4,82,8,25.23,0
2,4,82,9,10.91,0
2,4,82,10,4.81,0
2,4,82,11,8.39,0
2,4,82,12,6.41,0
2,4,82,13,2.12,0
2,4,82,14,1.76,0
2,4,83,1,18.09,0
2,4,83,2,40.09,0
2,4,83,3,63.8,0
2,4,83,4,83.69,0
2,4,83,5,86.57,0
2,4,83,6,66.5,0
2,4,83,7,58.73,0
2,4,83,8,42.03,0
2,4,83,9,19.67,0
2,4,83,10,8.3,0
2,4,83,11,12.15,0
2,4,83,12,8.27,0
2,4,83,13,3.77,0
2,4,83,14,4.95,0
2,4,84,1,12.15,0
2,4,84,2,40.88,0
2,4,84,3,62.22,0
2,4,84,4,86.6,0
2,4,84,5,89.28,0
2,4,84,6,74.02,0
2,4,84,7,67.41,0
2,4,84,8,50.19,0
2,4,84,9,20.23,1
2,4,84,10,9.77,0
2,4,84,11,9.27,0
2,4,84,12,12.42,0
2,4,84,13,4.79,0
2,4,84,14,6.52,0
2,4,85,1,11.22,0
2,4,85,2,39.21,0
2,4,85,3,52.52,0
2,4,85,4,74.24,0
2,4,85,5,91.46,0
2,4,85,6,80.2,0
2,4,85,7,65.95,1
2,4,85,8,57.62,0
2,4,85,9,17.4,1
2,4,85,10,10.36,0
2,4,85,11,9.53,0
2,4,85,12,15.02,0
2,4,85,13,4.7,0
2,4,85,14,7,0
2,4,86,1,7.05,0
2,4,86,2,27.82,1
2,4,86,3,28.75,0
2,4,86,4,45.1,0
2,4,86,5,74.33,0
2,4,86,6,57.84,0
2,4,86,7,49.61,0
2,4,86,8,43.91,2
2,4,86,9,18.93,0
2,4,86,10,4.42,1
2,4,86,11,2.24,0
2,4,86,12,9.91,0
2,4,86,13,3.81,0
2,4,86,14,4,0
2,4,87,1,2.91,0
2,4,87,2,8.62,0
2,4,87,3,16.89,0
2,4,87,4,24.5,1
2,4,87,5,39.36,0
2,4,87,6,41.15,2
2,4,87,7,37.36,0
2,4,87,8,17.94,0
2,4,87,9,8.66,2
2,4,87,10,7.14,0
2,4,87,11,1.55,0
2,4,87,12,3.69,1
2,4,87,13,1.65,1
2,4,87,14,1,0
2,4,88,1,1,0
2,4,88,2,7.79,0
2,4,88,3,14.77,0
2,4,88,4,30.61,0
2,4,88,5,45.81,2
2,4,88,6,57.07,0
2,4,88,7,37.21,0
2,4,88,8,22.71,1
2,4,88,9,13.78,0
2,4,88,10,5.18,1
2,4,88,11,1,0
2,4,88,12,2.31,0
2,4,88,13,2,0
2,4,88,14,1.42,0
2,4,89,1,1.27,0
2,4,89,2,15.27,0
2,4,89,3,44.5,3
2,4,89,4,75.91,0
2,4,89,5,99.59,2
2,4,89,6,96.96,3
2,4,89,7,71.87,2
2,4,89,8,44.3,1
2,4,89,9,33.21,0
2,4,89,10,15.33,0
2,4,89,11,6.92,0
2,4,89,12,7.12,0
2,4,89,13,6.93,1
2,4,89,14,2.67,0
2,4,90,2,10.08,0
2,4,90,3,24.48,0
2,4,90,4,36.96,1
2,4,90,5,65.84,6
2,4,90,6,64.34,0
2,4,90,7,44.82,3
2,4,90,8,40.16,2
2,4,90,9,25.94,2
2,4,90,10,10.96,0
2,4,90,11,4.01,1
2,4,90,12,2.42,0
2,4,90,14,0.79,2
2,4,91,2,4.09,0
2,4,91,3,18.38,0
2,4,91,4,29.91,0
2,4,91,5,48.62,3
2,4,91,6,57.96,0
2,4,91,7,30.38,1
2,4,91,8,37.44,0
2,4,91,9,21.96,0
2,4,91,10,15.78,2
2,4,91,11,5.35,1
2,4,91,12,1.31,1
2,4,92,2,3.43,0
2,4,92,3,20.23,0
2,4,92,4,20.73,2
2,4,92,5,30.51,4
2,4,92,6,48.15,1
2,4,92,7,44.71,1
2,4,92,8,37.35,3
2,4,92,9,20.56,3
2,4,92,10,12.99,1
2,4,92,11,3.06,0
2,4,92,12,2.34,1
2,4,92,14,0.65,2
2,4,93,2,1.53,0
2,4,93,3,8.45,0
2,4,93,4,17.39,1
2,4,93,5,24.97,1
2,4,93,6,33.11,1
2,4,93,7,35.36,2
2,4,93,8,23.78,0
2,4,93,9,19.37,4
2,4,93,10,8.35,0
2,4,93,11,0.78,1
2,4,93,12,1,0
2,4,93,14,2,0
2,4,94,3,3.36,0
2,4,94,4,9.63,0
2,4,94,5,15.31,1
2,4,94,6,25.33,0
2,4,94,7,26.99,2
2,4,94,8,16.44,0
2,4,94,9,6.03,1
2,4,94,10,6.77,0
2,4,94,11,0.18,0
2,4,94,12,1.99,2
2,4,94,14,0.47,0
2,4,95,2,0.43,0
2,4,95,3,1.57,0
2,4,95,4,6.82,0
2,4,95,5,9.59,1
2,4,95,6,15.35,1
2,4,95,7,9.53,1
2,4,95,8,9.6,2
2,4,95,9,3.98,2
2,4,95,10,4.08,0
2,4,95,11,1.45,1
2,4,95,12,1,0
2,4,95,14,0.78,0
2,5,80,2,0.55,0
2,5,80,3,0.05,0
2,5,80,6,0.94,0
2,5,81,1,0.85,0
2,5,81,3,1.06,0
2,5,81,4,0.48,0
2,5,81,6,1.1,0
2,5,81,7,0.08,0
2,5,81,8,0.27,0
2,5,81,11,0.56,0
2,5,82,1,2.6,0
2,5,82,2,2.27,0
2,5,82,3,5.3,0
2,5,82,4,4.3,0
2,5,82,5,2.35,0
2,5,82,6,5.82,0
2,5,82,7,1.62,0
2,5,82,8,1.59,0
2,5,82,11,0.68,0
2,5,82,12,0.32,0
2,5,83,1,3.45,0
2,5,83,2,7.27,0
2,5,83,3,9.92,0
2,5,83,4,7.78,0
2,5,83,5,11.77,0
2,5,83,6,8.04,0
2,5,83,7,4.21,0
2,5,83,8,5.34,0
2,5,83,9,1.03,0
2,5,83,10,1.52,0
2,5,83,12,2,0
2,5,83,13,1,0
2,5,84,1,3.57,0
2,5,84,2,9.7,0
2,5,84,3,19.23,0
2,5,84,4,15.8,0
2,5,84,5,22.35,0
2,5,84,6,16.03,0
2,5,84,7,14.86,0
2,5,84,8,8.91,0
2,5,84,9,5.13,0
2,5,84,10,4.61,0
2,5,84,11,1,0
2,5,84,12,2.5,0
2,5,84,13,1.51,0
2,5,84,14,0.18,0
2,5,85,1,3.17,0
2,5,85,2,9.45,0
2,5,85,3,21.5,1
2,5,85,4,22.42,0
2,5,85,5,23.3,0
2,5,85,6,14.02,0
2,5,85,7,18.81,1
2,5,85,8,9.55,0
2,5,85,9,5.22,1
2,5,85,10,5.05,0
2,5,85,11,3,0
2,5,85,12,2.06,0
2,5,85,13,2.5,0
2,5,85,14,1,0
2,5,86,1,2.68,0
2,5,86,2,13.24,0
2,5,86,3,16.41,0
2,5,86,4,23.92,1
2,5,86,5,30.05,0
2,5,86,6,19.72,2
2,5,86,7,23.62,1
2,5,86,8,14.27,0
2,5,86,9,8.94,0
2,5,86,10,7.28,0
2,5,86,11,4.15,1
2,5,86,12,6.39,1
2,5,86,13,2.55,0
2,5,86,14,2.21,1
2,5,87,1,1,0
2,5,87,2,9.87,0
2,5,87,3,22.13,0
2,5,87,4,30.32,1
2,5,87,5,31.78,0
2,5,87,6,25.99,1
2,5,87,7,30.52,0
2,5,87,8,18.01,0
2,5,87,9,12.77,0
2,5,87,10,5.96,1
2,5,87,11,3.35,0
2,5,87,12,4.09,1
2,5,87,13,4.64,1
2,5,87,14,2.25,0
2,5,88,1,0.63,0
2,5,88,2,6.46,0
2,5,88,3,17.84,0
2,5,88,4,32.49,1
2,5,88,5,28.03,0
2,5,88,6,33.53,1
2,5,88,7,37.99,2
2,5,88,8,16.13,1
2,5,88,9,17.05,2
2,5,88,10,6.76,0
2,5,88,11,2.78,0
2,5,88,12,3.01,0
2,5,88,13,5.73,1
2,5,88,14,1.75,1
2,5,89,2,2,0
2,5,89,3,7.21,0
2,5,89,4,11.36,0
2,5,89,5,9.27,0
2,5,89,6,14.54,0
2,5,89,7,18.12,0
2,5,89,8,10.77,0
2,5,89,9,7.28,0
2,5,89,10,2.05,0
2,5,89,13,1.51,1
2,5,89,14,1,0
2,5,90,2,3.9,0
2,5,90,3,11.2,0
2,5,90,4,13.07,0
2,5,90,5,18.8,0
2,5,90,6,20.96,2
2,5,90,7,15.68,0
2,5,90,8,12.87,2
2,5,90,9,15.08,2
2,5,90,10,5,0
2,5,90,11,1,0
2,5,90,12,1,0
2,5,90,13,1,0
2,5,90,14,1,0
2,5,91,2,0.78,0
2,5,91,3,6.3,0
2,5,91,4,11.38,0
2,5,91,5,16.58,0
2,5,91,6,24.81,1
2,5,91,7,18.1,3
2,5,91,8,12.79,0
2,5,91,9,15.22,0
2,5,91,10,3.76,0
2,5,91,11,1.21,0
2,5,91,12,0.25,0
2,5,91,13,1,0
2,5,91,14,1,0
2,5,92,3,6.57,1
2,5,92,4,10.52,1
2,5,92,5,12.89,0
2,5,92,6,17.34,2
2,5,92,7,9.63,1
2,5,92,8,12.28,3
2,5,92,9,10.25,1
2,5,92,10,4.28,1
2,5,92,11,1.55,1
2,5,92,12,2,0
2,5,92,13,1.68,0
2,5,92,14,0.33,0
2,5,93,2,0.63,0
2,5,93,3,5.18,0
2,5,93,4,8.87,0
2,5,93,5,16.37,0
2,5,93,6,14.75,1
2,5,93,7,12.26,1
2,5,93,8,10.74,2
2,5,93,9,2.58,1
2,5,93,10,6.92,0
2,5,93,11,1.22,0
2,5,93,12,1.62,1
2,5,93,14,1,0
2,5,94,3,2.46,0
2,5,94,4,7.7,1
2,5,94,5,10.48,2
2,5,94,6,8.53,0
2,5,94,7,10.53,0
2,5,94,8,6.61,0
2,5,94,9,2.47,1
2,5,94,10,7,1
2,5,95,3,1.47,1
2,5,95,4,5.05,0
2,5,95,5,3,0
2,5,95,6,4.4,1
2,5,95,7,8.1,0
2,5,95,8,1.36,0
2,5,95,9,1.79,0
2,5,95,10,3.25,0
